PRAGMA foreign_keys=OFF;
BEGIN TRANSACTION;
CREATE TABLE CLINIQUE (
    numV INT,
    nomV TEXT,
    prenomV TEXT,
    adresseV TEXT,
    telephoneV TEXT,
    specialiteV TEXT,
    numC INT,
    nomC TEXT,
    prenomC TEXT,
    adresseC TEXT,
    telephoneC TEXT,
    numA INT,
    nomA TEXT,
    dateNaissanceA DATE,
    especeA TEXT,
    numS INT,
    dateS DATE,
    diagnosticS TEXT,
    traitementS TEXT,
    PRIMARY KEY (numV, numC, numA, numS)
);
INSERT INTO CLINIQUE VALUES(6,'Arnaud','Antoinette','819, chemin de Sanchez, 38400 Grenoble','0695644212','Insectes',5,'Buisson','Aurélie','745, place Juliette Paul, 38300 Grenoble','0752281591',9,'René','2020-10-23','Rongeurs',1,'2021-06-22','Impedit cupiditate itaque quod non in est aliquid.','Consequuntur animi eos ea nesciunt.');
INSERT INTO CLINIQUE VALUES(4,'Begue','Thibault','2, boulevard Clerc, 38000 Grenoble','+33 (0)6 99 83 53 41','Chevaux',6,'Aubert','Alix','27, rue Rousseau, 38400 Grenoble','07 33 30 23 61',12,'Lucy','2013-01-10','Insectes',2,'2015-02-05','Et porro incidunt ipsam quo minus non.','Explicabo cupiditate aliquam delectus eligendi fugit molestiae.');
INSERT INTO CLINIQUE VALUES(4,'Begue','Thibault','2, boulevard Clerc, 38000 Grenoble','+33 (0)6 99 83 53 41','Chevaux',12,'Georges','Clémence','97, boulevard Léon Ribeiro, 38400 Grenoble','07 69 65 96 83',19,'Adélaïde','2011-12-18','Insectes',3,'2019-08-24','Deleniti deleniti illum necessitatibus architecto.','Consequatur nulla voluptas laborum velit necessitatibus veritatis inventore.');
INSERT INTO CLINIQUE VALUES(5,'Boulanger','Élisabeth','940, chemin Clement, 38400 Grenoble','0767468327','Reptiles',20,'Grenier','Alexandre','25, boulevard Besson, 38100 Grenoble','0731473221',29,'Victoire','2017-01-06','Chats',4,'2024-08-27','Non veritatis error et voluptatem voluptas quisquam cum necessitatibus.','Rerum sed fuga laudantium expedita nam.');
INSERT INTO CLINIQUE VALUES(5,'Boulanger','Élisabeth','940, chemin Clement, 38400 Grenoble','0767468327','Reptiles',20,'Grenier','Alexandre','25, boulevard Besson, 38100 Grenoble','0731473221',29,'Victoire','2017-01-06','Chats',5,'2023-05-28','A saepe aut optio.','Magni et aut quis nostrum in eaque ratione.');
INSERT INTO CLINIQUE VALUES(3,'Blanchard','Simone','12, impasse Gaudin, 38300 Grenoble','+33 (0)7 67 97 69 22','Rongeurs',17,'Blot','Hortense','70, chemin Diaz, 38400 Grenoble','06 99 64 19 22',25,'David','2014-10-03','Reptiles',6,'2023-02-15','Est ex cum illum dolor.','Qui minima quibusdam excepturi at quaerat excepturi.');
INSERT INTO CLINIQUE VALUES(3,'Blanchard','Simone','12, impasse Gaudin, 38300 Grenoble','+33 (0)7 67 97 69 22','Rongeurs',12,'Georges','Clémence','97, boulevard Léon Ribeiro, 38400 Grenoble','07 69 65 96 83',19,'Adélaïde','2011-12-18','Insectes',7,'2023-01-10','Doloremque fugit quod neque et odio repellat.','Nihil ipsam aut molestiae voluptate ut dolorum.');
INSERT INTO CLINIQUE VALUES(3,'Blanchard','Simone','12, impasse Gaudin, 38300 Grenoble','+33 (0)7 67 97 69 22','Rongeurs',6,'Aubert','Alix','27, rue Rousseau, 38400 Grenoble','07 33 30 23 61',11,'Louis','2020-01-04','Reptiles',8,'2021-06-05','Similique quod facere accusantium sint.','Harum odit numquam mollitia doloremque autem enim officiis exercitationem.');
INSERT INTO CLINIQUE VALUES(3,'Blanchard','Simone','12, impasse Gaudin, 38300 Grenoble','+33 (0)7 67 97 69 22','Rongeurs',10,'Cordier','Jérôme','boulevard de Girard, 38400 Grenoble','0738319770',17,'Antoinette','2012-04-23','Chevaux',9,'2013-08-29','Labore quis sunt voluptates aut.','Eos doloribus nemo eum illum assumenda est.');
INSERT INTO CLINIQUE VALUES(7,'Allard','Christine','694, rue Mathilde Etienne, 38100 Grenoble','0765709438','Poissons',14,'Jacques','Édith','59, impasse de Chauvet, 38300 Grenoble','+33 (0)7 88 34 22 28',22,'Richard','2014-08-12','Chats',10,'2022-01-27','Aperiam placeat omnis aperiam dolores doloremque explicabo culpa.','Sapiente debitis aut deserunt deleniti.');
INSERT INTO CLINIQUE VALUES(6,'Arnaud','Antoinette','819, chemin de Sanchez, 38400 Grenoble','0695644212','Insectes',7,'Leclerc','Christine','21, impasse Margaret Etienne, 38400 Grenoble','0635738740',13,'Simone','2018-05-21','Poissons',11,'2024-05-11','Quo at beatae quidem aliquam.','Voluptate placeat consequuntur ut quod.');
INSERT INTO CLINIQUE VALUES(5,'Boulanger','Élisabeth','940, chemin Clement, 38400 Grenoble','0767468327','Reptiles',8,'Berthelot','Camille','509, impasse Alix Riou, 38300 Grenoble','06 34 27 31 14',14,'Véronique','2019-11-16','Chiens',12,'2022-11-10','Et qui nemo aperiam incidunt architecto.','Tempora animi et deserunt et aliquam unde rerum accusamus.');
INSERT INTO CLINIQUE VALUES(3,'Blanchard','Simone','12, impasse Gaudin, 38300 Grenoble','+33 (0)7 67 97 69 22','Rongeurs',19,'Boyer','Alexandre','48, avenue Adélaïde Charles, 38100 Grenoble','+33 (0)6 35 14 10 66',28,'Léon','2015-10-20','Chiens',13,'2024-06-05','Qui enim sed quia eos rerum commodi.','Ipsum modi delectus non ex corporis.');
INSERT INTO CLINIQUE VALUES(4,'Begue','Thibault','2, boulevard Clerc, 38000 Grenoble','+33 (0)6 99 83 53 41','Chevaux',17,'Blot','Hortense','70, chemin Diaz, 38400 Grenoble','06 99 64 19 22',26,'Alex','2021-09-14','Insectes',14,'2022-03-21','Saepe sit porro vitae qui aliquid.','Distinctio voluptates fugiat laborum ea amet officiis.');
INSERT INTO CLINIQUE VALUES(5,'Boulanger','Élisabeth','940, chemin Clement, 38400 Grenoble','0767468327','Reptiles',15,'Munoz','Luc','impasse Yves Perrier, 38100 Grenoble','+33 (0)7 49 10 55 36',23,'Odette','2014-07-18','Rongeurs',15,'2024-08-04','Sunt impedit et quam atque omnis id.','Itaque dolores eligendi velit quae dolore quidem officiis et.');
INSERT INTO CLINIQUE VALUES(7,'Allard','Christine','694, rue Mathilde Etienne, 38100 Grenoble','0765709438','Poissons',6,'Aubert','Alix','27, rue Rousseau, 38400 Grenoble','07 33 30 23 61',12,'Lucy','2013-01-10','Insectes',16,'2018-06-21','Facere aperiam nisi quas aliquam dolorem voluptates.','Perspiciatis nobis quia quibusdam.');
INSERT INTO CLINIQUE VALUES(5,'Boulanger','Élisabeth','940, chemin Clement, 38400 Grenoble','0767468327','Reptiles',7,'Leclerc','Christine','21, impasse Margaret Etienne, 38400 Grenoble','0635738740',13,'Simone','2018-05-21','Poissons',17,'2024-01-06','Suscipit voluptatem asperiores omnis voluptatibus animi quibusdam.','Sed non ex nemo velit porro.');
INSERT INTO CLINIQUE VALUES(5,'Boulanger','Élisabeth','940, chemin Clement, 38400 Grenoble','0767468327','Reptiles',1,'Breton','Bertrand','avenue de Hebert, 38000 Grenoble','+33 (0)6 54 09 27 93',3,'Agathe','2020-01-04','Chevaux',18,'2021-11-23','Nesciunt omnis iusto est modi.','Accusantium exercitationem est deleniti tempora sit asperiores.');
INSERT INTO CLINIQUE VALUES(7,'Allard','Christine','694, rue Mathilde Etienne, 38100 Grenoble','0765709438','Poissons',9,'Ollivier','Marguerite','boulevard Margaret Joly, 38300 Grenoble','06 16 67 82 19',16,'Claude','2016-06-13','Rongeurs',19,'2022-11-13','Quod ducimus omnis non dolores quis perspiciatis eligendi.','Error quia omnis autem dicta commodi.');
INSERT INTO CLINIQUE VALUES(1,'Caron','Alfred','5, avenue Perret, 38200 Grenoble','0636589631','Chiens',2,'Traore','Maurice','69, boulevard Bertrand, 38300 Grenoble','+33 7 73 75 64 34',4,'Renée','2016-02-01','Reptiles',20,'2021-08-09','Impedit voluptatem magni velit ex autem qui.','Recusandae minus saepe dicta sequi et.');
INSERT INTO CLINIQUE VALUES(4,'Begue','Thibault','2, boulevard Clerc, 38000 Grenoble','+33 (0)6 99 83 53 41','Chevaux',9,'Ollivier','Marguerite','boulevard Margaret Joly, 38300 Grenoble','06 16 67 82 19',16,'Claude','2016-06-13','Rongeurs',21,'2019-01-16','Molestias mollitia totam harum est aliquam et.','Consequatur est nemo magnam optio.');
INSERT INTO CLINIQUE VALUES(3,'Blanchard','Simone','12, impasse Gaudin, 38300 Grenoble','+33 (0)7 67 97 69 22','Rongeurs',6,'Aubert','Alix','27, rue Rousseau, 38400 Grenoble','07 33 30 23 61',11,'Louis','2020-01-04','Reptiles',22,'2022-10-04','Error odio nam corrupti blanditiis in harum voluptatibus.','Maxime praesentium temporibus odit praesentium id dolorem animi.');
INSERT INTO CLINIQUE VALUES(6,'Arnaud','Antoinette','819, chemin de Sanchez, 38400 Grenoble','0695644212','Insectes',2,'Traore','Maurice','69, boulevard Bertrand, 38300 Grenoble','+33 7 73 75 64 34',4,'Renée','2016-02-01','Reptiles',23,'2023-09-05','Officia tempora quos omnis vero pariatur.','Est omnis consectetur cum libero praesentium quam.');
INSERT INTO CLINIQUE VALUES(5,'Boulanger','Élisabeth','940, chemin Clement, 38400 Grenoble','0767468327','Reptiles',2,'Traore','Maurice','69, boulevard Bertrand, 38300 Grenoble','+33 7 73 75 64 34',5,'Marcel','2016-10-24','Insectes',24,'2021-01-12','Sit vitae ea nihil natus minima.','Culpa explicabo error labore aliquid dolor.');
INSERT INTO CLINIQUE VALUES(7,'Allard','Christine','694, rue Mathilde Etienne, 38100 Grenoble','0765709438','Poissons',7,'Leclerc','Christine','21, impasse Margaret Etienne, 38400 Grenoble','0635738740',13,'Simone','2018-05-21','Poissons',25,'2019-04-08','Et eos sint assumenda adipisci qui voluptatibus in a.','Qui et eius quia et.');
INSERT INTO CLINIQUE VALUES(3,'Blanchard','Simone','12, impasse Gaudin, 38300 Grenoble','+33 (0)7 67 97 69 22','Rongeurs',1,'Breton','Bertrand','avenue de Hebert, 38000 Grenoble','+33 (0)6 54 09 27 93',3,'Agathe','2020-01-04','Chevaux',26,'2021-06-30','Accusantium odit est a.','Consequuntur impedit est qui perferendis cum dolore.');
INSERT INTO CLINIQUE VALUES(2,'Delmas','Denis','boulevard Raymond Raynaud, 38000 Grenoble','06 32 24 08 14','Chats',7,'Leclerc','Christine','21, impasse Margaret Etienne, 38400 Grenoble','0635738740',13,'Simone','2018-05-21','Poissons',27,'2021-04-25','Distinctio expedita sit modi reprehenderit laboriosam enim.','Voluptatem facilis ut assumenda labore illo rerum.');
INSERT INTO CLINIQUE VALUES(5,'Boulanger','Élisabeth','940, chemin Clement, 38400 Grenoble','0767468327','Reptiles',15,'Munoz','Luc','impasse Yves Perrier, 38100 Grenoble','+33 (0)7 49 10 55 36',23,'Odette','2014-07-18','Rongeurs',28,'2019-04-29','Minus nobis aspernatur sed voluptas cupiditate vel debitis.','Hic dolorem tempora delectus et consequatur.');
INSERT INTO CLINIQUE VALUES(4,'Begue','Thibault','2, boulevard Clerc, 38000 Grenoble','+33 (0)6 99 83 53 41','Chevaux',1,'Breton','Bertrand','avenue de Hebert, 38000 Grenoble','+33 (0)6 54 09 27 93',2,'Joséphine','2012-05-15','Rongeurs',29,'2020-08-03','Et quo adipisci sint nesciunt iusto.','Dignissimos nihil mollitia vel mollitia repellat vel nemo atque.');
INSERT INTO CLINIQUE VALUES(7,'Allard','Christine','694, rue Mathilde Etienne, 38100 Grenoble','0765709438','Poissons',1,'Breton','Bertrand','avenue de Hebert, 38000 Grenoble','+33 (0)6 54 09 27 93',3,'Agathe','2020-01-04','Chevaux',30,'2020-05-13','Molestiae nesciunt dolore voluptatum nesciunt iusto labore enim.','Consequuntur aut quo velit dolor qui aut et et.');
INSERT INTO CLINIQUE VALUES(2,'Delmas','Denis','boulevard Raymond Raynaud, 38000 Grenoble','06 32 24 08 14','Chats',15,'Munoz','Luc','impasse Yves Perrier, 38100 Grenoble','+33 (0)7 49 10 55 36',23,'Odette','2014-07-18','Rongeurs',31,'2024-03-20','Asperiores in est laudantium.','Consequatur illum blanditiis voluptatibus velit itaque.');
INSERT INTO CLINIQUE VALUES(7,'Allard','Christine','694, rue Mathilde Etienne, 38100 Grenoble','0765709438','Poissons',10,'Cordier','Jérôme','boulevard de Girard, 38400 Grenoble','0738319770',17,'Antoinette','2012-04-23','Chevaux',32,'2014-05-01','Nemo earum aspernatur odit unde.','Quo fuga quidem exercitationem.');
INSERT INTO CLINIQUE VALUES(6,'Arnaud','Antoinette','819, chemin de Sanchez, 38400 Grenoble','0695644212','Insectes',9,'Ollivier','Marguerite','boulevard Margaret Joly, 38300 Grenoble','06 16 67 82 19',16,'Claude','2016-06-13','Rongeurs',33,'2020-06-26','Quia consequuntur rerum nesciunt nostrum nemo.','Doloribus et qui nesciunt voluptatem debitis velit.');
INSERT INTO CLINIQUE VALUES(4,'Begue','Thibault','2, boulevard Clerc, 38000 Grenoble','+33 (0)6 99 83 53 41','Chevaux',2,'Traore','Maurice','69, boulevard Bertrand, 38300 Grenoble','+33 7 73 75 64 34',5,'Marcel','2016-10-24','Insectes',34,'2021-08-29','Est alias consequatur itaque tenetur nam.','Aut cumque itaque minus nobis ex.');
INSERT INTO CLINIQUE VALUES(4,'Begue','Thibault','2, boulevard Clerc, 38000 Grenoble','+33 (0)6 99 83 53 41','Chevaux',10,'Cordier','Jérôme','boulevard de Girard, 38400 Grenoble','0738319770',17,'Antoinette','2012-04-23','Chevaux',35,'2013-12-24','Aut maiores mollitia qui consequatur minima quia fugit.','Excepturi sunt nam iste quia ipsam inventore a.');
INSERT INTO CLINIQUE VALUES(4,'Begue','Thibault','2, boulevard Clerc, 38000 Grenoble','+33 (0)6 99 83 53 41','Chevaux',14,'Jacques','Édith','59, impasse de Chauvet, 38300 Grenoble','+33 (0)7 88 34 22 28',21,'Arnaude','2013-11-23','Chiens',36,'2013-12-15','Aut quae deleniti sint fuga dolores voluptate rem.','Delectus culpa numquam fuga ea.');
INSERT INTO CLINIQUE VALUES(3,'Blanchard','Simone','12, impasse Gaudin, 38300 Grenoble','+33 (0)7 67 97 69 22','Rongeurs',5,'Buisson','Aurélie','745, place Juliette Paul, 38300 Grenoble','0752281591',8,'Zacharie','2012-07-14','Chats',37,'2017-02-23','Ut necessitatibus facilis rerum mollitia quis.','Iure et eaque molestiae itaque.');
INSERT INTO CLINIQUE VALUES(6,'Arnaud','Antoinette','819, chemin de Sanchez, 38400 Grenoble','0695644212','Insectes',11,'Jourdan','Aurore','11, rue Joséphine Brun, 38400 Grenoble','+33 (0)6 88 36 48 74',18,'Frédéric','2022-07-24','Reptiles',38,'2024-08-05','Dignissimos dignissimos voluptatem tempore id corporis eum fugiat et.','Accusamus facilis debitis recusandae ut veniam.');
INSERT INTO CLINIQUE VALUES(2,'Delmas','Denis','boulevard Raymond Raynaud, 38000 Grenoble','06 32 24 08 14','Chats',3,'Antoine','Laurence','84, avenue Susanne Bourgeois, 38000 Grenoble','0759633486',6,'Henri','2012-09-15','Poissons',39,'2013-10-24','Veritatis repellat labore qui libero rerum iusto recusandae.','Non suscipit sit debitis quidem quaerat amet.');
INSERT INTO CLINIQUE VALUES(4,'Begue','Thibault','2, boulevard Clerc, 38000 Grenoble','+33 (0)6 99 83 53 41','Chevaux',10,'Cordier','Jérôme','boulevard de Girard, 38400 Grenoble','0738319770',17,'Antoinette','2012-04-23','Chevaux',40,'2013-01-12','Molestiae voluptatibus at quos accusantium placeat inventore.','Mollitia quisquam nesciunt nobis non molestiae molestiae molestiae eligendi.');
INSERT INTO CLINIQUE VALUES(7,'Allard','Christine','694, rue Mathilde Etienne, 38100 Grenoble','0765709438','Poissons',12,'Georges','Clémence','97, boulevard Léon Ribeiro, 38400 Grenoble','07 69 65 96 83',19,'Adélaïde','2011-12-18','Insectes',41,'2022-05-03','Rerum optio qui quia repellendus repudiandae sapiente ut.','Dolorem aut et cupiditate enim sed.');
INSERT INTO CLINIQUE VALUES(4,'Begue','Thibault','2, boulevard Clerc, 38000 Grenoble','+33 (0)6 99 83 53 41','Chevaux',12,'Georges','Clémence','97, boulevard Léon Ribeiro, 38400 Grenoble','07 69 65 96 83',19,'Adélaïde','2011-12-18','Insectes',42,'2021-12-18','Quia eveniet fugiat rerum qui perspiciatis voluptatem facere.','Praesentium dolor et qui dolorum minima possimus officiis qui.');
INSERT INTO CLINIQUE VALUES(3,'Blanchard','Simone','12, impasse Gaudin, 38300 Grenoble','+33 (0)7 67 97 69 22','Rongeurs',18,'Seguin','Guy','avenue Breton, 38100 Grenoble','+33 7 83 57 15 66',27,'Christophe','2015-01-10','Poissons',43,'2022-05-22','Repudiandae dignissimos iste possimus sunt nemo libero neque.','Fugiat sunt hic nam maiores et.');
INSERT INTO CLINIQUE VALUES(3,'Blanchard','Simone','12, impasse Gaudin, 38300 Grenoble','+33 (0)7 67 97 69 22','Rongeurs',10,'Cordier','Jérôme','boulevard de Girard, 38400 Grenoble','0738319770',17,'Antoinette','2012-04-23','Chevaux',44,'2015-10-12','Aliquid voluptatem ducimus quia dolorum doloremque.','Est aspernatur deleniti vel dolorem vero qui rerum.');
INSERT INTO CLINIQUE VALUES(5,'Boulanger','Élisabeth','940, chemin Clement, 38400 Grenoble','0767468327','Reptiles',3,'Antoine','Laurence','84, avenue Susanne Bourgeois, 38000 Grenoble','0759633486',6,'Henri','2012-09-15','Poissons',45,'2023-08-31','Molestiae nihil eius modi.','Ipsa in aliquam non quibusdam.');
INSERT INTO CLINIQUE VALUES(3,'Blanchard','Simone','12, impasse Gaudin, 38300 Grenoble','+33 (0)7 67 97 69 22','Rongeurs',14,'Jacques','Édith','59, impasse de Chauvet, 38300 Grenoble','+33 (0)7 88 34 22 28',22,'Richard','2014-08-12','Chats',46,'2021-12-20','Tempora laborum recusandae inventore tempore.','Enim consequuntur minima voluptatibus.');
INSERT INTO CLINIQUE VALUES(5,'Boulanger','Élisabeth','940, chemin Clement, 38400 Grenoble','0767468327','Reptiles',15,'Munoz','Luc','impasse Yves Perrier, 38100 Grenoble','+33 (0)7 49 10 55 36',23,'Odette','2014-07-18','Rongeurs',47,'2014-11-28','Adipisci dolore dolor molestiae id ut id.','Voluptas non sed animi sed eius.');
INSERT INTO CLINIQUE VALUES(7,'Allard','Christine','694, rue Mathilde Etienne, 38100 Grenoble','0765709438','Poissons',15,'Munoz','Luc','impasse Yves Perrier, 38100 Grenoble','+33 (0)7 49 10 55 36',23,'Odette','2014-07-18','Rongeurs',48,'2017-07-22','In quia voluptas sapiente.','Sapiente ut praesentium reiciendis voluptas aperiam debitis veniam.');
INSERT INTO CLINIQUE VALUES(2,'Delmas','Denis','boulevard Raymond Raynaud, 38000 Grenoble','06 32 24 08 14','Chats',7,'Leclerc','Christine','21, impasse Margaret Etienne, 38400 Grenoble','0635738740',13,'Simone','2018-05-21','Poissons',49,'2021-12-14','Excepturi veniam et corrupti.','Sit alias aut nihil nam voluptas.');
INSERT INTO CLINIQUE VALUES(1,'Caron','Alfred','5, avenue Perret, 38200 Grenoble','0636589631','Chiens',1,'Breton','Bertrand','avenue de Hebert, 38000 Grenoble','+33 (0)6 54 09 27 93',3,'Agathe','2020-01-04','Chevaux',50,'2023-07-07','Est delectus cumque eligendi nam sequi ipsam.','Modi tenetur aut eligendi ipsam et.');
INSERT INTO CLINIQUE VALUES(3,'Blanchard','Simone','12, impasse Gaudin, 38300 Grenoble','+33 (0)7 67 97 69 22','Rongeurs',12,'Georges','Clémence','97, boulevard Léon Ribeiro, 38400 Grenoble','07 69 65 96 83',19,'Adélaïde','2011-12-18','Insectes',51,'2018-07-05','Laudantium aut libero est.','Id non ut voluptates qui explicabo neque eveniet facilis.');
INSERT INTO CLINIQUE VALUES(7,'Allard','Christine','694, rue Mathilde Etienne, 38100 Grenoble','0765709438','Poissons',16,'Schneider','Paulette','68, place Jacques Toussaint, 38000 Grenoble','+33 7 76 32 92 66',24,'Franck','2016-08-18','Chevaux',52,'2019-05-09','Maxime sunt veniam eum quis.','Vero quae odio nostrum fuga voluptatum.');
INSERT INTO CLINIQUE VALUES(4,'Begue','Thibault','2, boulevard Clerc, 38000 Grenoble','+33 (0)6 99 83 53 41','Chevaux',15,'Munoz','Luc','impasse Yves Perrier, 38100 Grenoble','+33 (0)7 49 10 55 36',23,'Odette','2014-07-18','Rongeurs',53,'2014-11-12','Porro quisquam illo aliquid consectetur sit non et doloribus.','Unde temporibus unde eveniet ad vel porro sint.');
INSERT INTO CLINIQUE VALUES(7,'Allard','Christine','694, rue Mathilde Etienne, 38100 Grenoble','0765709438','Poissons',11,'Jourdan','Aurore','11, rue Joséphine Brun, 38400 Grenoble','+33 (0)6 88 36 48 74',18,'Frédéric','2022-07-24','Reptiles',54,'2024-10-19','A veniam laudantium sit reiciendis consequatur.','Consectetur nobis quia sit eos.');
INSERT INTO CLINIQUE VALUES(5,'Boulanger','Élisabeth','940, chemin Clement, 38400 Grenoble','0767468327','Reptiles',5,'Buisson','Aurélie','745, place Juliette Paul, 38300 Grenoble','0752281591',9,'René','2020-10-23','Rongeurs',55,'2022-06-26','Dolorum unde sequi sit commodi harum ratione qui.','Illo quod a sunt quaerat vero a.');
INSERT INTO CLINIQUE VALUES(1,'Caron','Alfred','5, avenue Perret, 38200 Grenoble','0636589631','Chiens',14,'Jacques','Édith','59, impasse de Chauvet, 38300 Grenoble','+33 (0)7 88 34 22 28',21,'Arnaude','2013-11-23','Chiens',56,'2022-03-06','Non eum aperiam quia.','Enim fugit quaerat et accusantium.');
INSERT INTO CLINIQUE VALUES(4,'Begue','Thibault','2, boulevard Clerc, 38000 Grenoble','+33 (0)6 99 83 53 41','Chevaux',5,'Buisson','Aurélie','745, place Juliette Paul, 38300 Grenoble','0752281591',8,'Zacharie','2012-07-14','Chats',57,'2019-01-24','Suscipit ut fuga aliquid ipsam aut.','Quaerat iste sunt similique magni nam.');
INSERT INTO CLINIQUE VALUES(5,'Boulanger','Élisabeth','940, chemin Clement, 38400 Grenoble','0767468327','Reptiles',13,'Ferreira','Daniel','63, place Bouvet, 38400 Grenoble','0699403721',20,'Gilbert','2010-06-01','Poissons',58,'2018-05-20','Tenetur tempora dignissimos ut sint repellat.','Et veritatis omnis et eius eveniet.');
INSERT INTO CLINIQUE VALUES(2,'Delmas','Denis','boulevard Raymond Raynaud, 38000 Grenoble','06 32 24 08 14','Chats',6,'Aubert','Alix','27, rue Rousseau, 38400 Grenoble','07 33 30 23 61',11,'Louis','2020-01-04','Reptiles',59,'2021-07-02','Modi enim officiis quasi ipsam non.','Ea sunt velit quia placeat rerum laudantium vel et.');
INSERT INTO CLINIQUE VALUES(4,'Begue','Thibault','2, boulevard Clerc, 38000 Grenoble','+33 (0)6 99 83 53 41','Chevaux',3,'Antoine','Laurence','84, avenue Susanne Bourgeois, 38000 Grenoble','0759633486',6,'Henri','2012-09-15','Poissons',60,'2013-09-12','Distinctio in in perferendis occaecati soluta eos rerum.','Est voluptatibus quasi soluta corporis veritatis sunt voluptatum provident.');
INSERT INTO CLINIQUE VALUES(2,'Delmas','Denis','boulevard Raymond Raynaud, 38000 Grenoble','06 32 24 08 14','Chats',19,'Boyer','Alexandre','48, avenue Adélaïde Charles, 38100 Grenoble','+33 (0)6 35 14 10 66',28,'Léon','2015-10-20','Chiens',61,'2016-10-08','Quaerat neque vitae sapiente quaerat aut possimus.','Dolorem voluptatem perferendis est ut ut.');
INSERT INTO CLINIQUE VALUES(7,'Allard','Christine','694, rue Mathilde Etienne, 38100 Grenoble','0765709438','Poissons',5,'Buisson','Aurélie','745, place Juliette Paul, 38300 Grenoble','0752281591',9,'René','2020-10-23','Rongeurs',62,'2022-11-06','Quidem magni aspernatur maiores modi cumque dolorem beatae.','Ipsam consectetur modi quo sunt ea.');
INSERT INTO CLINIQUE VALUES(1,'Caron','Alfred','5, avenue Perret, 38200 Grenoble','0636589631','Chiens',1,'Breton','Bertrand','avenue de Hebert, 38000 Grenoble','+33 (0)6 54 09 27 93',3,'Agathe','2020-01-04','Chevaux',63,'2022-01-13','Quia et qui est delectus nemo voluptas fuga unde.','Repellat beatae quas molestiae id ut.');
INSERT INTO CLINIQUE VALUES(1,'Caron','Alfred','5, avenue Perret, 38200 Grenoble','0636589631','Chiens',9,'Ollivier','Marguerite','boulevard Margaret Joly, 38300 Grenoble','06 16 67 82 19',15,'Paul','2017-02-03','Chats',64,'2021-02-18','Laboriosam nulla eligendi et illum praesentium id.','Voluptatem et aspernatur dicta.');
INSERT INTO CLINIQUE VALUES(5,'Boulanger','Élisabeth','940, chemin Clement, 38400 Grenoble','0767468327','Reptiles',11,'Jourdan','Aurore','11, rue Joséphine Brun, 38400 Grenoble','+33 (0)6 88 36 48 74',18,'Frédéric','2022-07-24','Reptiles',65,'2023-03-03','Voluptatem voluptate omnis aut aut.','Consectetur quos aliquid et neque consequatur id.');
INSERT INTO CLINIQUE VALUES(6,'Arnaud','Antoinette','819, chemin de Sanchez, 38400 Grenoble','0695644212','Insectes',9,'Ollivier','Marguerite','boulevard Margaret Joly, 38300 Grenoble','06 16 67 82 19',16,'Claude','2016-06-13','Rongeurs',66,'2018-12-26','Officia qui occaecati enim.','Eligendi eveniet est ut aperiam.');
INSERT INTO CLINIQUE VALUES(6,'Arnaud','Antoinette','819, chemin de Sanchez, 38400 Grenoble','0695644212','Insectes',12,'Georges','Clémence','97, boulevard Léon Ribeiro, 38400 Grenoble','07 69 65 96 83',19,'Adélaïde','2011-12-18','Insectes',67,'2022-04-18','Mollitia quod blanditiis quo provident.','Quia aperiam dolor voluptatem nihil aspernatur vel.');
INSERT INTO CLINIQUE VALUES(3,'Blanchard','Simone','12, impasse Gaudin, 38300 Grenoble','+33 (0)7 67 97 69 22','Rongeurs',5,'Buisson','Aurélie','745, place Juliette Paul, 38300 Grenoble','0752281591',9,'René','2020-10-23','Rongeurs',68,'2022-12-22','Provident itaque repellendus dolore unde.','Dolores possimus et eligendi error.');
INSERT INTO CLINIQUE VALUES(7,'Allard','Christine','694, rue Mathilde Etienne, 38100 Grenoble','0765709438','Poissons',13,'Ferreira','Daniel','63, place Bouvet, 38400 Grenoble','0699403721',20,'Gilbert','2010-06-01','Poissons',69,'2021-01-29','Dignissimos est sed odio ullam rem.','Est voluptas molestiae quo nihil voluptas.');
INSERT INTO CLINIQUE VALUES(7,'Allard','Christine','694, rue Mathilde Etienne, 38100 Grenoble','0765709438','Poissons',18,'Seguin','Guy','avenue Breton, 38100 Grenoble','+33 7 83 57 15 66',27,'Christophe','2015-01-10','Poissons',70,'2024-04-05','Ratione deleniti rem et id laudantium.','Asperiores inventore exercitationem temporibus.');
INSERT INTO CLINIQUE VALUES(2,'Delmas','Denis','boulevard Raymond Raynaud, 38000 Grenoble','06 32 24 08 14','Chats',12,'Georges','Clémence','97, boulevard Léon Ribeiro, 38400 Grenoble','07 69 65 96 83',19,'Adélaïde','2011-12-18','Insectes',71,'2015-07-24','Eum et aut mollitia modi omnis.','Pariatur quam maiores autem soluta totam reiciendis illo.');
INSERT INTO CLINIQUE VALUES(5,'Boulanger','Élisabeth','940, chemin Clement, 38400 Grenoble','0767468327','Reptiles',3,'Antoine','Laurence','84, avenue Susanne Bourgeois, 38000 Grenoble','0759633486',6,'Henri','2012-09-15','Poissons',72,'2024-08-29','Sit at nihil nam omnis itaque.','Et reiciendis repellendus eveniet similique non.');
INSERT INTO CLINIQUE VALUES(5,'Boulanger','Élisabeth','940, chemin Clement, 38400 Grenoble','0767468327','Reptiles',15,'Munoz','Luc','impasse Yves Perrier, 38100 Grenoble','+33 (0)7 49 10 55 36',23,'Odette','2014-07-18','Rongeurs',73,'2017-12-14','Officia consequatur sunt labore beatae voluptatibus.','Earum voluptatum dolore beatae consequatur omnis iusto.');
INSERT INTO CLINIQUE VALUES(6,'Arnaud','Antoinette','819, chemin de Sanchez, 38400 Grenoble','0695644212','Insectes',12,'Georges','Clémence','97, boulevard Léon Ribeiro, 38400 Grenoble','07 69 65 96 83',19,'Adélaïde','2011-12-18','Insectes',74,'2020-03-31','Unde dolore cupiditate esse sunt in doloribus facere veniam.','Sit perspiciatis autem atque blanditiis dolorem doloremque dicta.');
INSERT INTO CLINIQUE VALUES(4,'Begue','Thibault','2, boulevard Clerc, 38000 Grenoble','+33 (0)6 99 83 53 41','Chevaux',16,'Schneider','Paulette','68, place Jacques Toussaint, 38000 Grenoble','+33 7 76 32 92 66',24,'Franck','2016-08-18','Chevaux',75,'2020-04-24','Neque nostrum saepe qui placeat.','Doloribus magnam sit eum qui in laudantium ut.');
INSERT INTO CLINIQUE VALUES(7,'Allard','Christine','694, rue Mathilde Etienne, 38100 Grenoble','0765709438','Poissons',1,'Breton','Bertrand','avenue de Hebert, 38000 Grenoble','+33 (0)6 54 09 27 93',3,'Agathe','2020-01-04','Chevaux',76,'2023-03-23','Aliquam vel natus magni nostrum.','Esse ipsa eius nostrum non voluptatem maxime est.');
INSERT INTO CLINIQUE VALUES(5,'Boulanger','Élisabeth','940, chemin Clement, 38400 Grenoble','0767468327','Reptiles',1,'Breton','Bertrand','avenue de Hebert, 38000 Grenoble','+33 (0)6 54 09 27 93',3,'Agathe','2020-01-04','Chevaux',77,'2021-01-14','Quis vel maxime et nam totam.','Unde sapiente nostrum quasi nesciunt ut dolores porro asperiores.');
INSERT INTO CLINIQUE VALUES(4,'Begue','Thibault','2, boulevard Clerc, 38000 Grenoble','+33 (0)6 99 83 53 41','Chevaux',2,'Traore','Maurice','69, boulevard Bertrand, 38300 Grenoble','+33 7 73 75 64 34',5,'Marcel','2016-10-24','Insectes',78,'2019-08-17','Provident aut id soluta voluptatibus.','Nam impedit magni iusto sed id amet explicabo.');
INSERT INTO CLINIQUE VALUES(1,'Caron','Alfred','5, avenue Perret, 38200 Grenoble','0636589631','Chiens',9,'Ollivier','Marguerite','boulevard Margaret Joly, 38300 Grenoble','06 16 67 82 19',15,'Paul','2017-02-03','Chats',79,'2018-09-16','Tempore ducimus quis aut non.','Et ratione possimus dolorum rerum quod amet.');
INSERT INTO CLINIQUE VALUES(3,'Blanchard','Simone','12, impasse Gaudin, 38300 Grenoble','+33 (0)7 67 97 69 22','Rongeurs',11,'Jourdan','Aurore','11, rue Joséphine Brun, 38400 Grenoble','+33 (0)6 88 36 48 74',18,'Frédéric','2022-07-24','Reptiles',80,'2024-08-01','Veniam repudiandae laborum et natus soluta nihil veniam.','Eos eius qui sunt minus recusandae maiores.');
INSERT INTO CLINIQUE VALUES(4,'Begue','Thibault','2, boulevard Clerc, 38000 Grenoble','+33 (0)6 99 83 53 41','Chevaux',18,'Seguin','Guy','avenue Breton, 38100 Grenoble','+33 7 83 57 15 66',27,'Christophe','2015-01-10','Poissons',81,'2018-03-28','Ex dolores tenetur aut tenetur perferendis rem omnis.','Voluptatem labore ea tenetur asperiores magni omnis aut.');
INSERT INTO CLINIQUE VALUES(4,'Begue','Thibault','2, boulevard Clerc, 38000 Grenoble','+33 (0)6 99 83 53 41','Chevaux',4,'Begue','Madeleine','5, rue Seguin, 38300 Grenoble','+33 7 55 70 11 02',7,'Gérard','2014-08-11','Chiens',82,'2020-09-26','Ullam omnis suscipit reprehenderit aut.','Aliquid rerum ut quisquam quibusdam ratione.');
INSERT INTO CLINIQUE VALUES(3,'Blanchard','Simone','12, impasse Gaudin, 38300 Grenoble','+33 (0)7 67 97 69 22','Rongeurs',20,'Grenier','Alexandre','25, boulevard Besson, 38100 Grenoble','0731473221',29,'Victoire','2017-01-06','Chats',83,'2020-07-17','Ut est quae et sed numquam quae laboriosam.','Consequatur rerum odio odit ipsa distinctio nemo.');
INSERT INTO CLINIQUE VALUES(3,'Blanchard','Simone','12, impasse Gaudin, 38300 Grenoble','+33 (0)7 67 97 69 22','Rongeurs',16,'Schneider','Paulette','68, place Jacques Toussaint, 38000 Grenoble','+33 7 76 32 92 66',24,'Franck','2016-08-18','Chevaux',84,'2022-11-02','In voluptatem sit eius veniam maiores.','Ex maiores est exercitationem accusantium odit et nemo.');
INSERT INTO CLINIQUE VALUES(7,'Allard','Christine','694, rue Mathilde Etienne, 38100 Grenoble','0765709438','Poissons',17,'Blot','Hortense','70, chemin Diaz, 38400 Grenoble','06 99 64 19 22',25,'David','2014-10-03','Reptiles',85,'2019-03-05','Rerum tempora magnam vero error.','Odit aut ipsa dolores ea sunt quia.');
INSERT INTO CLINIQUE VALUES(7,'Allard','Christine','694, rue Mathilde Etienne, 38100 Grenoble','0765709438','Poissons',5,'Buisson','Aurélie','745, place Juliette Paul, 38300 Grenoble','0752281591',9,'René','2020-10-23','Rongeurs',86,'2023-04-25','Facilis dolorem sapiente et eos ut sunt.','Temporibus sunt impedit ullam id qui.');
INSERT INTO CLINIQUE VALUES(3,'Blanchard','Simone','12, impasse Gaudin, 38300 Grenoble','+33 (0)7 67 97 69 22','Rongeurs',1,'Breton','Bertrand','avenue de Hebert, 38000 Grenoble','+33 (0)6 54 09 27 93',2,'Joséphine','2012-05-15','Rongeurs',87,'2016-07-20','Eum explicabo qui magni dolores ut voluptatem.','Aut ut voluptatibus porro sunt debitis.');
INSERT INTO CLINIQUE VALUES(4,'Begue','Thibault','2, boulevard Clerc, 38000 Grenoble','+33 (0)6 99 83 53 41','Chevaux',2,'Traore','Maurice','69, boulevard Bertrand, 38300 Grenoble','+33 7 73 75 64 34',5,'Marcel','2016-10-24','Insectes',88,'2018-02-12','Officia omnis atque maiores excepturi sunt eaque.','Qui sunt recusandae distinctio.');
INSERT INTO CLINIQUE VALUES(2,'Delmas','Denis','boulevard Raymond Raynaud, 38000 Grenoble','06 32 24 08 14','Chats',6,'Aubert','Alix','27, rue Rousseau, 38400 Grenoble','07 33 30 23 61',12,'Lucy','2013-01-10','Insectes',89,'2014-04-26','Itaque explicabo eius cumque possimus.','Veniam nemo maxime repellat voluptatem hic.');
INSERT INTO CLINIQUE VALUES(3,'Blanchard','Simone','12, impasse Gaudin, 38300 Grenoble','+33 (0)7 67 97 69 22','Rongeurs',19,'Boyer','Alexandre','48, avenue Adélaïde Charles, 38100 Grenoble','+33 (0)6 35 14 10 66',28,'Léon','2015-10-20','Chiens',90,'2018-06-24','Explicabo ex odio minima numquam harum eius labore.','Dolores accusamus laborum aut odio ad impedit.');
INSERT INTO CLINIQUE VALUES(4,'Begue','Thibault','2, boulevard Clerc, 38000 Grenoble','+33 (0)6 99 83 53 41','Chevaux',20,'Grenier','Alexandre','25, boulevard Besson, 38100 Grenoble','0731473221',29,'Victoire','2017-01-06','Chats',91,'2021-09-16','Nostrum qui qui eveniet fugiat ratione.','Optio architecto nihil aut maxime et eveniet non amet.');
INSERT INTO CLINIQUE VALUES(7,'Allard','Christine','694, rue Mathilde Etienne, 38100 Grenoble','0765709438','Poissons',5,'Buisson','Aurélie','745, place Juliette Paul, 38300 Grenoble','0752281591',8,'Zacharie','2012-07-14','Chats',92,'2022-04-13','Inventore nemo eum voluptatem corrupti.','Quia quia ea est est itaque velit.');
INSERT INTO CLINIQUE VALUES(5,'Boulanger','Élisabeth','940, chemin Clement, 38400 Grenoble','0767468327','Reptiles',5,'Buisson','Aurélie','745, place Juliette Paul, 38300 Grenoble','0752281591',9,'René','2020-10-23','Rongeurs',93,'2023-08-09','Corrupti cum omnis numquam.','Quia nulla aut doloribus incidunt.');
INSERT INTO CLINIQUE VALUES(1,'Caron','Alfred','5, avenue Perret, 38200 Grenoble','0636589631','Chiens',11,'Jourdan','Aurore','11, rue Joséphine Brun, 38400 Grenoble','+33 (0)6 88 36 48 74',18,'Frédéric','2022-07-24','Reptiles',94,'2023-01-21','Eveniet magnam ut doloribus fugit eum est ut.','Asperiores distinctio blanditiis dicta fuga et deserunt.');
INSERT INTO CLINIQUE VALUES(7,'Allard','Christine','694, rue Mathilde Etienne, 38100 Grenoble','0765709438','Poissons',18,'Seguin','Guy','avenue Breton, 38100 Grenoble','+33 7 83 57 15 66',27,'Christophe','2015-01-10','Poissons',95,'2024-03-22','Natus quod architecto molestias illo laudantium pariatur quas.','Nihil et est aut est.');
INSERT INTO CLINIQUE VALUES(6,'Arnaud','Antoinette','819, chemin de Sanchez, 38400 Grenoble','0695644212','Insectes',4,'Begue','Madeleine','5, rue Seguin, 38300 Grenoble','+33 7 55 70 11 02',7,'Gérard','2014-08-11','Chiens',96,'2018-10-08','Occaecati animi et natus temporibus quis corrupti ad.','Laboriosam est et dolorem.');
INSERT INTO CLINIQUE VALUES(3,'Blanchard','Simone','12, impasse Gaudin, 38300 Grenoble','+33 (0)7 67 97 69 22','Rongeurs',15,'Munoz','Luc','impasse Yves Perrier, 38100 Grenoble','+33 (0)7 49 10 55 36',23,'Odette','2014-07-18','Rongeurs',97,'2015-08-07','Nobis rerum earum necessitatibus in ratione.','Excepturi nulla asperiores et qui autem qui.');
INSERT INTO CLINIQUE VALUES(7,'Allard','Christine','694, rue Mathilde Etienne, 38100 Grenoble','0765709438','Poissons',9,'Ollivier','Marguerite','boulevard Margaret Joly, 38300 Grenoble','06 16 67 82 19',16,'Claude','2016-06-13','Rongeurs',98,'2017-10-10','Debitis molestias fugit sed eligendi veritatis voluptates.','Et omnis similique corrupti voluptates.');
INSERT INTO CLINIQUE VALUES(6,'Arnaud','Antoinette','819, chemin de Sanchez, 38400 Grenoble','0695644212','Insectes',7,'Leclerc','Christine','21, impasse Margaret Etienne, 38400 Grenoble','0635738740',13,'Simone','2018-05-21','Poissons',99,'2018-08-04','Qui illum aut dolore ad qui.','Et sed commodi laboriosam molestias dolorem dolor mollitia.');
INSERT INTO CLINIQUE VALUES(6,'Arnaud','Antoinette','819, chemin de Sanchez, 38400 Grenoble','0695644212','Insectes',14,'Jacques','Édith','59, impasse de Chauvet, 38300 Grenoble','+33 (0)7 88 34 22 28',22,'Richard','2014-08-12','Chats',100,'2020-05-29','Voluptatem qui magnam vel neque.','Ut qui vero perferendis debitis.');
INSERT INTO CLINIQUE VALUES(1,'Caron','Alfred','5, avenue Perret, 38200 Grenoble','0636589631','Chiens',7,'Leclerc','Christine','21, impasse Margaret Etienne, 38400 Grenoble','0635738740',13,'Simone','2018-05-21','Poissons',101,'2023-07-21','Maiores architecto quod ad qui id sapiente est.','Soluta porro ut laborum non aperiam nam.');
INSERT INTO CLINIQUE VALUES(3,'Blanchard','Simone','12, impasse Gaudin, 38300 Grenoble','+33 (0)7 67 97 69 22','Rongeurs',14,'Jacques','Édith','59, impasse de Chauvet, 38300 Grenoble','+33 (0)7 88 34 22 28',21,'Arnaude','2013-11-23','Chiens',102,'2018-11-04','Sed soluta soluta totam pariatur laborum nam.','Et aliquam numquam in repudiandae.');
INSERT INTO CLINIQUE VALUES(2,'Delmas','Denis','boulevard Raymond Raynaud, 38000 Grenoble','06 32 24 08 14','Chats',4,'Begue','Madeleine','5, rue Seguin, 38300 Grenoble','+33 7 55 70 11 02',7,'Gérard','2014-08-11','Chiens',103,'2016-11-20','Molestiae optio explicabo non aut iure magnam.','Odio perferendis id ea harum asperiores sequi.');
INSERT INTO CLINIQUE VALUES(1,'Caron','Alfred','5, avenue Perret, 38200 Grenoble','0636589631','Chiens',7,'Leclerc','Christine','21, impasse Margaret Etienne, 38400 Grenoble','0635738740',13,'Simone','2018-05-21','Poissons',104,'2022-10-22','Minus accusantium qui recusandae et.','Consectetur optio ratione est autem.');
INSERT INTO CLINIQUE VALUES(4,'Begue','Thibault','2, boulevard Clerc, 38000 Grenoble','+33 (0)6 99 83 53 41','Chevaux',8,'Berthelot','Camille','509, impasse Alix Riou, 38300 Grenoble','06 34 27 31 14',14,'Véronique','2019-11-16','Chiens',105,'2022-01-30','Provident quibusdam sit qui quia labore inventore laboriosam numquam.','Voluptatum aut ut cum omnis.');
INSERT INTO CLINIQUE VALUES(1,'Caron','Alfred','5, avenue Perret, 38200 Grenoble','0636589631','Chiens',13,'Ferreira','Daniel','63, place Bouvet, 38400 Grenoble','0699403721',20,'Gilbert','2010-06-01','Poissons',106,'2023-10-27','Laudantium voluptatibus omnis qui et dolorem praesentium.','Alias voluptatibus quaerat labore consequatur explicabo.');
INSERT INTO CLINIQUE VALUES(6,'Arnaud','Antoinette','819, chemin de Sanchez, 38400 Grenoble','0695644212','Insectes',4,'Begue','Madeleine','5, rue Seguin, 38300 Grenoble','+33 7 55 70 11 02',7,'Gérard','2014-08-11','Chiens',107,'2023-12-22','Dolores eligendi explicabo quam natus iste.','Sed dolor ab consequuntur.');
INSERT INTO CLINIQUE VALUES(1,'Caron','Alfred','5, avenue Perret, 38200 Grenoble','0636589631','Chiens',2,'Traore','Maurice','69, boulevard Bertrand, 38300 Grenoble','+33 7 73 75 64 34',4,'Renée','2016-02-01','Reptiles',108,'2019-05-12','Et cum corporis aliquam aut fugiat delectus consequatur minus.','Voluptas sint voluptas eligendi ea eos explicabo.');
INSERT INTO CLINIQUE VALUES(5,'Boulanger','Élisabeth','940, chemin Clement, 38400 Grenoble','0767468327','Reptiles',6,'Aubert','Alix','27, rue Rousseau, 38400 Grenoble','07 33 30 23 61',12,'Lucy','2013-01-10','Insectes',109,'2020-09-15','Beatae pariatur reiciendis distinctio unde quis aut.','Est et saepe id aut adipisci libero quae.');
INSERT INTO CLINIQUE VALUES(3,'Blanchard','Simone','12, impasse Gaudin, 38300 Grenoble','+33 (0)7 67 97 69 22','Rongeurs',1,'Breton','Bertrand','avenue de Hebert, 38000 Grenoble','+33 (0)6 54 09 27 93',3,'Agathe','2020-01-04','Chevaux',110,'2024-02-22','Ratione aliquid qui magnam hic.','Vitae ratione totam distinctio vero deleniti aut fugiat.');
INSERT INTO CLINIQUE VALUES(2,'Delmas','Denis','boulevard Raymond Raynaud, 38000 Grenoble','06 32 24 08 14','Chats',13,'Ferreira','Daniel','63, place Bouvet, 38400 Grenoble','0699403721',20,'Gilbert','2010-06-01','Poissons',111,'2019-02-03','Nihil quis dicta maiores similique.','Rerum voluptate in illum ipsam.');
INSERT INTO CLINIQUE VALUES(7,'Allard','Christine','694, rue Mathilde Etienne, 38100 Grenoble','0765709438','Poissons',9,'Ollivier','Marguerite','boulevard Margaret Joly, 38300 Grenoble','06 16 67 82 19',16,'Claude','2016-06-13','Rongeurs',112,'2021-06-18','Aliquam est in fugiat harum dolores ullam assumenda.','Illum id et odio rerum aut iure.');
INSERT INTO CLINIQUE VALUES(2,'Delmas','Denis','boulevard Raymond Raynaud, 38000 Grenoble','06 32 24 08 14','Chats',4,'Begue','Madeleine','5, rue Seguin, 38300 Grenoble','+33 7 55 70 11 02',7,'Gérard','2014-08-11','Chiens',113,'2018-05-20','Ipsam a sint esse iure cupiditate.','Rerum quas eveniet voluptates magnam sit.');
INSERT INTO CLINIQUE VALUES(5,'Boulanger','Élisabeth','940, chemin Clement, 38400 Grenoble','0767468327','Reptiles',6,'Aubert','Alix','27, rue Rousseau, 38400 Grenoble','07 33 30 23 61',11,'Louis','2020-01-04','Reptiles',114,'2021-01-21','Quia debitis officiis quo quod laborum perspiciatis possimus.','Facilis illum aut repudiandae praesentium non odio blanditiis quidem.');
INSERT INTO CLINIQUE VALUES(1,'Caron','Alfred','5, avenue Perret, 38200 Grenoble','0636589631','Chiens',17,'Blot','Hortense','70, chemin Diaz, 38400 Grenoble','06 99 64 19 22',25,'David','2014-10-03','Reptiles',115,'2020-06-13','Debitis qui aliquid alias iste illo.','Consectetur maxime quaerat et corporis.');
INSERT INTO CLINIQUE VALUES(5,'Boulanger','Élisabeth','940, chemin Clement, 38400 Grenoble','0767468327','Reptiles',19,'Boyer','Alexandre','48, avenue Adélaïde Charles, 38100 Grenoble','+33 (0)6 35 14 10 66',28,'Léon','2015-10-20','Chiens',116,'2021-04-05','Rerum iusto labore blanditiis nihil accusamus facere est.','Eos praesentium numquam necessitatibus voluptatum ut.');
INSERT INTO CLINIQUE VALUES(5,'Boulanger','Élisabeth','940, chemin Clement, 38400 Grenoble','0767468327','Reptiles',2,'Traore','Maurice','69, boulevard Bertrand, 38300 Grenoble','+33 7 73 75 64 34',4,'Renée','2016-02-01','Reptiles',117,'2020-10-14','Porro voluptatem iusto impedit aliquid tenetur.','At aut reprehenderit repellendus rerum id velit ipsam.');
INSERT INTO CLINIQUE VALUES(2,'Delmas','Denis','boulevard Raymond Raynaud, 38000 Grenoble','06 32 24 08 14','Chats',9,'Ollivier','Marguerite','boulevard Margaret Joly, 38300 Grenoble','06 16 67 82 19',15,'Paul','2017-02-03','Chats',118,'2024-01-23','Incidunt eum omnis quis natus harum.','Consequatur et cumque tempore consectetur consectetur.');
INSERT INTO CLINIQUE VALUES(5,'Boulanger','Élisabeth','940, chemin Clement, 38400 Grenoble','0767468327','Reptiles',8,'Berthelot','Camille','509, impasse Alix Riou, 38300 Grenoble','06 34 27 31 14',14,'Véronique','2019-11-16','Chiens',119,'2021-10-07','Quo voluptatibus corrupti rerum rerum expedita.','Laborum quo iste sequi autem voluptates maxime maiores.');
INSERT INTO CLINIQUE VALUES(6,'Arnaud','Antoinette','819, chemin de Sanchez, 38400 Grenoble','0695644212','Insectes',7,'Leclerc','Christine','21, impasse Margaret Etienne, 38400 Grenoble','0635738740',13,'Simone','2018-05-21','Poissons',120,'2021-12-13','Id neque voluptas sint qui aliquid.','Nemo beatae eaque aut consequatur.');
INSERT INTO CLINIQUE VALUES(3,'Blanchard','Simone','12, impasse Gaudin, 38300 Grenoble','+33 (0)7 67 97 69 22','Rongeurs',17,'Blot','Hortense','70, chemin Diaz, 38400 Grenoble','06 99 64 19 22',26,'Alex','2021-09-14','Insectes',121,'2023-09-16','Aliquid at nobis rem consectetur incidunt expedita.','Sed tenetur et natus non cumque non.');
INSERT INTO CLINIQUE VALUES(1,'Caron','Alfred','5, avenue Perret, 38200 Grenoble','0636589631','Chiens',12,'Georges','Clémence','97, boulevard Léon Ribeiro, 38400 Grenoble','07 69 65 96 83',19,'Adélaïde','2011-12-18','Insectes',122,'2016-10-11','Accusantium aut quos incidunt dolores velit quod.','Sint aperiam tenetur nihil minus id assumenda.');
INSERT INTO CLINIQUE VALUES(1,'Caron','Alfred','5, avenue Perret, 38200 Grenoble','0636589631','Chiens',3,'Antoine','Laurence','84, avenue Susanne Bourgeois, 38000 Grenoble','0759633486',6,'Henri','2012-09-15','Poissons',123,'2013-09-26','Explicabo modi provident reprehenderit harum aut eum optio ut.','Molestiae tempora est quasi aut autem corrupti fugit.');
INSERT INTO CLINIQUE VALUES(1,'Caron','Alfred','5, avenue Perret, 38200 Grenoble','0636589631','Chiens',5,'Buisson','Aurélie','745, place Juliette Paul, 38300 Grenoble','0752281591',10,'Claudine','2022-03-07','Chevaux',124,'2024-10-19','Dicta voluptatem temporibus placeat.','Quasi repellat ipsam aliquid officia sed.');
INSERT INTO CLINIQUE VALUES(3,'Blanchard','Simone','12, impasse Gaudin, 38300 Grenoble','+33 (0)7 67 97 69 22','Rongeurs',1,'Breton','Bertrand','avenue de Hebert, 38000 Grenoble','+33 (0)6 54 09 27 93',3,'Agathe','2020-01-04','Chevaux',125,'2024-03-15','Illum non incidunt alias voluptatem officia nesciunt.','Ipsam sequi temporibus explicabo nulla ducimus assumenda sit.');
INSERT INTO CLINIQUE VALUES(1,'Caron','Alfred','5, avenue Perret, 38200 Grenoble','0636589631','Chiens',6,'Aubert','Alix','27, rue Rousseau, 38400 Grenoble','07 33 30 23 61',12,'Lucy','2013-01-10','Insectes',126,'2013-04-14','Est corporis officia aut aspernatur mollitia veniam vel consequuntur.','Ipsam vel nesciunt accusantium cupiditate deleniti dicta vel.');
INSERT INTO CLINIQUE VALUES(5,'Boulanger','Élisabeth','940, chemin Clement, 38400 Grenoble','0767468327','Reptiles',9,'Ollivier','Marguerite','boulevard Margaret Joly, 38300 Grenoble','06 16 67 82 19',15,'Paul','2017-02-03','Chats',127,'2017-09-21','Praesentium omnis odit voluptatum enim mollitia ab aut.','Molestiae aut perferendis est hic quisquam.');
INSERT INTO CLINIQUE VALUES(7,'Allard','Christine','694, rue Mathilde Etienne, 38100 Grenoble','0765709438','Poissons',12,'Georges','Clémence','97, boulevard Léon Ribeiro, 38400 Grenoble','07 69 65 96 83',19,'Adélaïde','2011-12-18','Insectes',128,'2015-06-30','Quia ipsum ut alias quis et.','Animi quidem aut eum architecto deleniti possimus.');
INSERT INTO CLINIQUE VALUES(5,'Boulanger','Élisabeth','940, chemin Clement, 38400 Grenoble','0767468327','Reptiles',17,'Blot','Hortense','70, chemin Diaz, 38400 Grenoble','06 99 64 19 22',25,'David','2014-10-03','Reptiles',129,'2015-12-17','Excepturi repellendus et repudiandae temporibus est iste commodi.','Atque velit eum aut.');
INSERT INTO CLINIQUE VALUES(3,'Blanchard','Simone','12, impasse Gaudin, 38300 Grenoble','+33 (0)7 67 97 69 22','Rongeurs',3,'Antoine','Laurence','84, avenue Susanne Bourgeois, 38000 Grenoble','0759633486',6,'Henri','2012-09-15','Poissons',130,'2017-01-12','Eum et nihil est est omnis et.','Molestiae consequatur sed ut repudiandae cupiditate.');
INSERT INTO CLINIQUE VALUES(5,'Boulanger','Élisabeth','940, chemin Clement, 38400 Grenoble','0767468327','Reptiles',9,'Ollivier','Marguerite','boulevard Margaret Joly, 38300 Grenoble','06 16 67 82 19',15,'Paul','2017-02-03','Chats',131,'2017-07-06','Fugiat dolor laboriosam dignissimos nobis voluptatem.','At quis id voluptatem accusamus.');
INSERT INTO CLINIQUE VALUES(3,'Blanchard','Simone','12, impasse Gaudin, 38300 Grenoble','+33 (0)7 67 97 69 22','Rongeurs',16,'Schneider','Paulette','68, place Jacques Toussaint, 38000 Grenoble','+33 7 76 32 92 66',24,'Franck','2016-08-18','Chevaux',132,'2022-12-04','Nesciunt molestias aut eos quaerat expedita.','Temporibus repellendus magnam id quae architecto nobis eum.');
INSERT INTO CLINIQUE VALUES(6,'Arnaud','Antoinette','819, chemin de Sanchez, 38400 Grenoble','0695644212','Insectes',2,'Traore','Maurice','69, boulevard Bertrand, 38300 Grenoble','+33 7 73 75 64 34',5,'Marcel','2016-10-24','Insectes',133,'2023-06-19','Qui magni nulla vero accusamus ab cumque.','Culpa et dolorem quia non incidunt.');
INSERT INTO CLINIQUE VALUES(2,'Delmas','Denis','boulevard Raymond Raynaud, 38000 Grenoble','06 32 24 08 14','Chats',1,'Breton','Bertrand','avenue de Hebert, 38000 Grenoble','+33 (0)6 54 09 27 93',2,'Joséphine','2012-05-15','Rongeurs',134,'2021-10-11','Voluptates maiores consequatur amet nemo et.','Consequatur qui et tempore.');
INSERT INTO CLINIQUE VALUES(7,'Allard','Christine','694, rue Mathilde Etienne, 38100 Grenoble','0765709438','Poissons',17,'Blot','Hortense','70, chemin Diaz, 38400 Grenoble','06 99 64 19 22',25,'David','2014-10-03','Reptiles',135,'2024-03-22','Ipsa dolorem sit quia vero.','Molestiae nesciunt consequatur aut ex quis harum ut.');
INSERT INTO CLINIQUE VALUES(4,'Begue','Thibault','2, boulevard Clerc, 38000 Grenoble','+33 (0)6 99 83 53 41','Chevaux',2,'Traore','Maurice','69, boulevard Bertrand, 38300 Grenoble','+33 7 73 75 64 34',4,'Renée','2016-02-01','Reptiles',136,'2023-11-14','Error eum delectus praesentium sit ab sit.','Exercitationem iusto expedita ipsa.');
INSERT INTO CLINIQUE VALUES(3,'Blanchard','Simone','12, impasse Gaudin, 38300 Grenoble','+33 (0)7 67 97 69 22','Rongeurs',5,'Buisson','Aurélie','745, place Juliette Paul, 38300 Grenoble','0752281591',9,'René','2020-10-23','Rongeurs',137,'2021-03-16','Rerum consequatur et temporibus quia molestias.','Ea omnis doloremque accusantium officia cum aliquid architecto.');
INSERT INTO CLINIQUE VALUES(5,'Boulanger','Élisabeth','940, chemin Clement, 38400 Grenoble','0767468327','Reptiles',3,'Antoine','Laurence','84, avenue Susanne Bourgeois, 38000 Grenoble','0759633486',6,'Henri','2012-09-15','Poissons',138,'2012-09-17','Est placeat dignissimos a eos.','Animi quo voluptatem ut ipsum repellat voluptas voluptas.');
INSERT INTO CLINIQUE VALUES(5,'Boulanger','Élisabeth','940, chemin Clement, 38400 Grenoble','0767468327','Reptiles',11,'Jourdan','Aurore','11, rue Joséphine Brun, 38400 Grenoble','+33 (0)6 88 36 48 74',18,'Frédéric','2022-07-24','Reptiles',139,'2024-09-13','Beatae voluptates eum unde itaque.','Dicta voluptate sit dicta minima tenetur eum saepe.');
INSERT INTO CLINIQUE VALUES(4,'Begue','Thibault','2, boulevard Clerc, 38000 Grenoble','+33 (0)6 99 83 53 41','Chevaux',9,'Ollivier','Marguerite','boulevard Margaret Joly, 38300 Grenoble','06 16 67 82 19',16,'Claude','2016-06-13','Rongeurs',140,'2024-04-29','Dolores reiciendis est qui.','Enim atque eveniet qui et qui.');
INSERT INTO CLINIQUE VALUES(2,'Delmas','Denis','boulevard Raymond Raynaud, 38000 Grenoble','06 32 24 08 14','Chats',7,'Leclerc','Christine','21, impasse Margaret Etienne, 38400 Grenoble','0635738740',13,'Simone','2018-05-21','Poissons',141,'2024-03-20','Ullam consequatur exercitationem molestiae et non.','Et quasi rerum sed labore velit et aut ut.');
INSERT INTO CLINIQUE VALUES(6,'Arnaud','Antoinette','819, chemin de Sanchez, 38400 Grenoble','0695644212','Insectes',10,'Cordier','Jérôme','boulevard de Girard, 38400 Grenoble','0738319770',17,'Antoinette','2012-04-23','Chevaux',142,'2022-12-24','Et enim quam laudantium id.','Enim saepe fugit illo quia ducimus impedit.');
INSERT INTO CLINIQUE VALUES(2,'Delmas','Denis','boulevard Raymond Raynaud, 38000 Grenoble','06 32 24 08 14','Chats',18,'Seguin','Guy','avenue Breton, 38100 Grenoble','+33 7 83 57 15 66',27,'Christophe','2015-01-10','Poissons',143,'2019-08-03','Rem omnis eum illo et veritatis nostrum consequatur.','Repudiandae impedit non deleniti quis.');
INSERT INTO CLINIQUE VALUES(7,'Allard','Christine','694, rue Mathilde Etienne, 38100 Grenoble','0765709438','Poissons',15,'Munoz','Luc','impasse Yves Perrier, 38100 Grenoble','+33 (0)7 49 10 55 36',23,'Odette','2014-07-18','Rongeurs',144,'2024-06-26','Incidunt vitae rerum eaque vel qui.','Architecto vero voluptatem quis quo.');
INSERT INTO CLINIQUE VALUES(2,'Delmas','Denis','boulevard Raymond Raynaud, 38000 Grenoble','06 32 24 08 14','Chats',1,'Breton','Bertrand','avenue de Hebert, 38000 Grenoble','+33 (0)6 54 09 27 93',3,'Agathe','2020-01-04','Chevaux',145,'2020-08-24','Fugit quia sit molestiae sed nam consectetur tempore accusantium.','Rerum qui vitae adipisci dolor.');
INSERT INTO CLINIQUE VALUES(1,'Caron','Alfred','5, avenue Perret, 38200 Grenoble','0636589631','Chiens',5,'Buisson','Aurélie','745, place Juliette Paul, 38300 Grenoble','0752281591',8,'Zacharie','2012-07-14','Chats',146,'2019-08-28','Soluta reiciendis ex earum tenetur rerum dolor consequatur.','Animi aut qui minus at molestiae qui suscipit.');
INSERT INTO CLINIQUE VALUES(1,'Caron','Alfred','5, avenue Perret, 38200 Grenoble','0636589631','Chiens',5,'Buisson','Aurélie','745, place Juliette Paul, 38300 Grenoble','0752281591',9,'René','2020-10-23','Rongeurs',147,'2022-04-03','Quo et non ea necessitatibus.','Iure labore soluta odit.');
INSERT INTO CLINIQUE VALUES(3,'Blanchard','Simone','12, impasse Gaudin, 38300 Grenoble','+33 (0)7 67 97 69 22','Rongeurs',3,'Antoine','Laurence','84, avenue Susanne Bourgeois, 38000 Grenoble','0759633486',6,'Henri','2012-09-15','Poissons',148,'2020-01-13','Possimus sapiente nemo illum laborum quibusdam expedita.','Quae voluptates eligendi pariatur quae aperiam.');
INSERT INTO CLINIQUE VALUES(4,'Begue','Thibault','2, boulevard Clerc, 38000 Grenoble','+33 (0)6 99 83 53 41','Chevaux',4,'Begue','Madeleine','5, rue Seguin, 38300 Grenoble','+33 7 55 70 11 02',7,'Gérard','2014-08-11','Chiens',149,'2024-06-13','Veritatis placeat odio in commodi.','Dolorem voluptatem tenetur neque officia quas ex nostrum.');
INSERT INTO CLINIQUE VALUES(6,'Arnaud','Antoinette','819, chemin de Sanchez, 38400 Grenoble','0695644212','Insectes',8,'Berthelot','Camille','509, impasse Alix Riou, 38300 Grenoble','06 34 27 31 14',14,'Véronique','2019-11-16','Chiens',150,'2022-11-07','Similique dolor qui est ducimus animi voluptas id.','Et est occaecati iste in sed asperiores earum.');
INSERT INTO CLINIQUE VALUES(4,'Begue','Thibault','2, boulevard Clerc, 38000 Grenoble','+33 (0)6 99 83 53 41','Chevaux',18,'Seguin','Guy','avenue Breton, 38100 Grenoble','+33 7 83 57 15 66',27,'Christophe','2015-01-10','Poissons',151,'2022-11-09','Non excepturi quibusdam libero quam.','Officiis debitis labore perspiciatis rerum architecto rerum.');
INSERT INTO CLINIQUE VALUES(2,'Delmas','Denis','boulevard Raymond Raynaud, 38000 Grenoble','06 32 24 08 14','Chats',11,'Jourdan','Aurore','11, rue Joséphine Brun, 38400 Grenoble','+33 (0)6 88 36 48 74',18,'Frédéric','2022-07-24','Reptiles',152,'2023-09-30','Ipsam ad quaerat sit voluptas omnis aut.','Animi amet odio voluptatem est veniam.');
INSERT INTO CLINIQUE VALUES(7,'Allard','Christine','694, rue Mathilde Etienne, 38100 Grenoble','0765709438','Poissons',12,'Georges','Clémence','97, boulevard Léon Ribeiro, 38400 Grenoble','07 69 65 96 83',19,'Adélaïde','2011-12-18','Insectes',153,'2023-12-30','Rerum similique vero expedita iste vel officiis.','Et et maiores aliquid consequatur.');
INSERT INTO CLINIQUE VALUES(7,'Allard','Christine','694, rue Mathilde Etienne, 38100 Grenoble','0765709438','Poissons',16,'Schneider','Paulette','68, place Jacques Toussaint, 38000 Grenoble','+33 7 76 32 92 66',24,'Franck','2016-08-18','Chevaux',154,'2024-04-20','Dolorem ducimus dolorem earum.','Et ea animi accusamus corrupti consectetur exercitationem molestiae.');
INSERT INTO CLINIQUE VALUES(7,'Allard','Christine','694, rue Mathilde Etienne, 38100 Grenoble','0765709438','Poissons',9,'Ollivier','Marguerite','boulevard Margaret Joly, 38300 Grenoble','06 16 67 82 19',16,'Claude','2016-06-13','Rongeurs',155,'2024-06-25','Quia sapiente reprehenderit sed odio.','Ullam consequuntur facere accusantium sit.');
INSERT INTO CLINIQUE VALUES(7,'Allard','Christine','694, rue Mathilde Etienne, 38100 Grenoble','0765709438','Poissons',5,'Buisson','Aurélie','745, place Juliette Paul, 38300 Grenoble','0752281591',9,'René','2020-10-23','Rongeurs',156,'2022-09-26','Placeat minus repellat mollitia quam alias quia qui.','Eum ab iure officia sit maiores quaerat totam adipisci.');
INSERT INTO CLINIQUE VALUES(2,'Delmas','Denis','boulevard Raymond Raynaud, 38000 Grenoble','06 32 24 08 14','Chats',17,'Blot','Hortense','70, chemin Diaz, 38400 Grenoble','06 99 64 19 22',25,'David','2014-10-03','Reptiles',157,'2015-06-14','Ducimus tenetur inventore et commodi molestiae.','Est est minima rerum quas quasi nisi aliquid.');
INSERT INTO CLINIQUE VALUES(2,'Delmas','Denis','boulevard Raymond Raynaud, 38000 Grenoble','06 32 24 08 14','Chats',17,'Blot','Hortense','70, chemin Diaz, 38400 Grenoble','06 99 64 19 22',25,'David','2014-10-03','Reptiles',158,'2022-12-18','Repudiandae quia ut non voluptas impedit.','Porro sunt laudantium voluptatibus similique amet quam.');
INSERT INTO CLINIQUE VALUES(7,'Allard','Christine','694, rue Mathilde Etienne, 38100 Grenoble','0765709438','Poissons',1,'Breton','Bertrand','avenue de Hebert, 38000 Grenoble','+33 (0)6 54 09 27 93',2,'Joséphine','2012-05-15','Rongeurs',159,'2017-06-27','Quis illum omnis asperiores ducimus qui quaerat.','Id itaque ab aut earum.');
INSERT INTO CLINIQUE VALUES(3,'Blanchard','Simone','12, impasse Gaudin, 38300 Grenoble','+33 (0)7 67 97 69 22','Rongeurs',17,'Blot','Hortense','70, chemin Diaz, 38400 Grenoble','06 99 64 19 22',25,'David','2014-10-03','Reptiles',160,'2020-12-12','Quo voluptatem consequatur et perferendis quia et eligendi.','Consequuntur deserunt quasi numquam qui quaerat.');
INSERT INTO CLINIQUE VALUES(6,'Arnaud','Antoinette','819, chemin de Sanchez, 38400 Grenoble','0695644212','Insectes',14,'Jacques','Édith','59, impasse de Chauvet, 38300 Grenoble','+33 (0)7 88 34 22 28',21,'Arnaude','2013-11-23','Chiens',161,'2019-11-09','Dolor cumque consequatur illum quos quia.','Ut cumque doloribus voluptate qui velit unde et dolorum.');
INSERT INTO CLINIQUE VALUES(3,'Blanchard','Simone','12, impasse Gaudin, 38300 Grenoble','+33 (0)7 67 97 69 22','Rongeurs',2,'Traore','Maurice','69, boulevard Bertrand, 38300 Grenoble','+33 7 73 75 64 34',4,'Renée','2016-02-01','Reptiles',162,'2020-12-31','Magni expedita recusandae magnam quidem placeat dicta.','Nemo est eum ullam.');
INSERT INTO CLINIQUE VALUES(7,'Allard','Christine','694, rue Mathilde Etienne, 38100 Grenoble','0765709438','Poissons',12,'Georges','Clémence','97, boulevard Léon Ribeiro, 38400 Grenoble','07 69 65 96 83',19,'Adélaïde','2011-12-18','Insectes',163,'2020-04-01','Adipisci qui perspiciatis nostrum aut.','Libero cum veniam dolorem nam qui sit.');
INSERT INTO CLINIQUE VALUES(1,'Caron','Alfred','5, avenue Perret, 38200 Grenoble','0636589631','Chiens',5,'Buisson','Aurélie','745, place Juliette Paul, 38300 Grenoble','0752281591',9,'René','2020-10-23','Rongeurs',164,'2023-11-01','Non iusto minus ratione et.','Optio eos dolorem aut voluptas rem eveniet adipisci.');
INSERT INTO CLINIQUE VALUES(4,'Begue','Thibault','2, boulevard Clerc, 38000 Grenoble','+33 (0)6 99 83 53 41','Chevaux',5,'Buisson','Aurélie','745, place Juliette Paul, 38300 Grenoble','0752281591',10,'Claudine','2022-03-07','Chevaux',165,'2023-08-24','Dicta sint ea necessitatibus laboriosam ea facilis ducimus.','Labore molestiae quos libero eaque vero nam iure asperiores.');
INSERT INTO CLINIQUE VALUES(4,'Begue','Thibault','2, boulevard Clerc, 38000 Grenoble','+33 (0)6 99 83 53 41','Chevaux',20,'Grenier','Alexandre','25, boulevard Besson, 38100 Grenoble','0731473221',29,'Victoire','2017-01-06','Chats',166,'2023-09-07','Labore incidunt ut aut rerum nisi.','Facilis illum et porro et est quis officiis.');
INSERT INTO CLINIQUE VALUES(1,'Caron','Alfred','5, avenue Perret, 38200 Grenoble','0636589631','Chiens',15,'Munoz','Luc','impasse Yves Perrier, 38100 Grenoble','+33 (0)7 49 10 55 36',23,'Odette','2014-07-18','Rongeurs',167,'2018-04-23','Adipisci quis officiis sint laudantium facere vitae qui dicta.','Quasi voluptatem aut aut possimus ut amet omnis.');
INSERT INTO CLINIQUE VALUES(6,'Arnaud','Antoinette','819, chemin de Sanchez, 38400 Grenoble','0695644212','Insectes',15,'Munoz','Luc','impasse Yves Perrier, 38100 Grenoble','+33 (0)7 49 10 55 36',23,'Odette','2014-07-18','Rongeurs',168,'2015-08-12','Natus praesentium velit distinctio hic ipsum nisi.','Dolorem delectus nisi maiores neque.');
INSERT INTO CLINIQUE VALUES(2,'Delmas','Denis','boulevard Raymond Raynaud, 38000 Grenoble','06 32 24 08 14','Chats',1,'Breton','Bertrand','avenue de Hebert, 38000 Grenoble','+33 (0)6 54 09 27 93',1,'Emmanuel','2016-07-11','Chats',169,'2020-02-07','Vitae sit sapiente est voluptatem quia.','Et sequi molestias et sed aut commodi quam.');
INSERT INTO CLINIQUE VALUES(5,'Boulanger','Élisabeth','940, chemin Clement, 38400 Grenoble','0767468327','Reptiles',9,'Ollivier','Marguerite','boulevard Margaret Joly, 38300 Grenoble','06 16 67 82 19',15,'Paul','2017-02-03','Chats',170,'2017-02-10','Alias tempore velit dolorem in nisi.','Sunt libero ut itaque nam ad animi eveniet.');
INSERT INTO CLINIQUE VALUES(6,'Arnaud','Antoinette','819, chemin de Sanchez, 38400 Grenoble','0695644212','Insectes',18,'Seguin','Guy','avenue Breton, 38100 Grenoble','+33 7 83 57 15 66',27,'Christophe','2015-01-10','Poissons',171,'2017-03-01','Inventore maxime soluta explicabo et tempora eum et est.','Eum eius nostrum occaecati dolorem non.');
INSERT INTO CLINIQUE VALUES(7,'Allard','Christine','694, rue Mathilde Etienne, 38100 Grenoble','0765709438','Poissons',5,'Buisson','Aurélie','745, place Juliette Paul, 38300 Grenoble','0752281591',10,'Claudine','2022-03-07','Chevaux',172,'2023-12-31','Quia iure est eum dignissimos.','Aut et sit repellendus libero sit tenetur voluptatem.');
INSERT INTO CLINIQUE VALUES(7,'Allard','Christine','694, rue Mathilde Etienne, 38100 Grenoble','0765709438','Poissons',14,'Jacques','Édith','59, impasse de Chauvet, 38300 Grenoble','+33 (0)7 88 34 22 28',22,'Richard','2014-08-12','Chats',173,'2024-03-29','Expedita voluptatem assumenda et odit.','Alias beatae alias quo deleniti possimus.');
INSERT INTO CLINIQUE VALUES(7,'Allard','Christine','694, rue Mathilde Etienne, 38100 Grenoble','0765709438','Poissons',8,'Berthelot','Camille','509, impasse Alix Riou, 38300 Grenoble','06 34 27 31 14',14,'Véronique','2019-11-16','Chiens',174,'2024-01-16','Qui ut sunt odit sit.','Perferendis ut voluptas distinctio nam.');
INSERT INTO CLINIQUE VALUES(2,'Delmas','Denis','boulevard Raymond Raynaud, 38000 Grenoble','06 32 24 08 14','Chats',13,'Ferreira','Daniel','63, place Bouvet, 38400 Grenoble','0699403721',20,'Gilbert','2010-06-01','Poissons',175,'2012-11-22','Ut et est quod architecto error commodi libero.','Est sint quidem accusamus optio perspiciatis deserunt consequatur accusamus.');
INSERT INTO CLINIQUE VALUES(2,'Delmas','Denis','boulevard Raymond Raynaud, 38000 Grenoble','06 32 24 08 14','Chats',1,'Breton','Bertrand','avenue de Hebert, 38000 Grenoble','+33 (0)6 54 09 27 93',3,'Agathe','2020-01-04','Chevaux',176,'2024-03-28','Animi dolores necessitatibus neque facilis.','Repellendus dicta nemo repellendus.');
INSERT INTO CLINIQUE VALUES(5,'Boulanger','Élisabeth','940, chemin Clement, 38400 Grenoble','0767468327','Reptiles',2,'Traore','Maurice','69, boulevard Bertrand, 38300 Grenoble','+33 7 73 75 64 34',5,'Marcel','2016-10-24','Insectes',177,'2020-09-03','Dolorum quibusdam quasi dicta atque rerum fugit.','Id voluptas et quidem illo.');
INSERT INTO CLINIQUE VALUES(6,'Arnaud','Antoinette','819, chemin de Sanchez, 38400 Grenoble','0695644212','Insectes',2,'Traore','Maurice','69, boulevard Bertrand, 38300 Grenoble','+33 7 73 75 64 34',4,'Renée','2016-02-01','Reptiles',178,'2019-01-13','Quaerat nam et quia fuga est voluptatem neque.','Rerum qui quia veniam amet odit.');
INSERT INTO CLINIQUE VALUES(3,'Blanchard','Simone','12, impasse Gaudin, 38300 Grenoble','+33 (0)7 67 97 69 22','Rongeurs',14,'Jacques','Édith','59, impasse de Chauvet, 38300 Grenoble','+33 (0)7 88 34 22 28',22,'Richard','2014-08-12','Chats',179,'2015-03-28','Sed quaerat veritatis odio sapiente tenetur mollitia similique.','Consequatur minima vitae ullam.');
INSERT INTO CLINIQUE VALUES(7,'Allard','Christine','694, rue Mathilde Etienne, 38100 Grenoble','0765709438','Poissons',10,'Cordier','Jérôme','boulevard de Girard, 38400 Grenoble','0738319770',17,'Antoinette','2012-04-23','Chevaux',180,'2022-01-01','Aliquid sit at magnam autem.','Necessitatibus quia sunt dolor et labore.');
INSERT INTO CLINIQUE VALUES(3,'Blanchard','Simone','12, impasse Gaudin, 38300 Grenoble','+33 (0)7 67 97 69 22','Rongeurs',9,'Ollivier','Marguerite','boulevard Margaret Joly, 38300 Grenoble','06 16 67 82 19',16,'Claude','2016-06-13','Rongeurs',181,'2017-12-09','Labore qui sed illum deserunt eius.','Esse voluptatibus harum natus sint error tempore accusamus.');
INSERT INTO CLINIQUE VALUES(5,'Boulanger','Élisabeth','940, chemin Clement, 38400 Grenoble','0767468327','Reptiles',5,'Buisson','Aurélie','745, place Juliette Paul, 38300 Grenoble','0752281591',9,'René','2020-10-23','Rongeurs',182,'2022-04-06','Ipsam ut vel repellat impedit ab tempora.','Asperiores quod ut doloremque aut quis aperiam.');
INSERT INTO CLINIQUE VALUES(3,'Blanchard','Simone','12, impasse Gaudin, 38300 Grenoble','+33 (0)7 67 97 69 22','Rongeurs',5,'Buisson','Aurélie','745, place Juliette Paul, 38300 Grenoble','0752281591',8,'Zacharie','2012-07-14','Chats',183,'2015-07-12','Veniam velit vel voluptatibus voluptatem.','Asperiores illo sed inventore.');
INSERT INTO CLINIQUE VALUES(1,'Caron','Alfred','5, avenue Perret, 38200 Grenoble','0636589631','Chiens',4,'Begue','Madeleine','5, rue Seguin, 38300 Grenoble','+33 7 55 70 11 02',7,'Gérard','2014-08-11','Chiens',184,'2018-10-23','Inventore reprehenderit et similique ex.','Sunt porro minus corrupti nesciunt similique consequatur et.');
INSERT INTO CLINIQUE VALUES(5,'Boulanger','Élisabeth','940, chemin Clement, 38400 Grenoble','0767468327','Reptiles',6,'Aubert','Alix','27, rue Rousseau, 38400 Grenoble','07 33 30 23 61',11,'Louis','2020-01-04','Reptiles',185,'2023-03-31','Sint quam ab veniam ut.','Minus impedit qui quidem eligendi.');
INSERT INTO CLINIQUE VALUES(4,'Begue','Thibault','2, boulevard Clerc, 38000 Grenoble','+33 (0)6 99 83 53 41','Chevaux',1,'Breton','Bertrand','avenue de Hebert, 38000 Grenoble','+33 (0)6 54 09 27 93',2,'Joséphine','2012-05-15','Rongeurs',186,'2022-07-02','Sed nisi aut quis nihil pariatur.','Perspiciatis aliquam error rerum et similique temporibus laboriosam.');
INSERT INTO CLINIQUE VALUES(3,'Blanchard','Simone','12, impasse Gaudin, 38300 Grenoble','+33 (0)7 67 97 69 22','Rongeurs',15,'Munoz','Luc','impasse Yves Perrier, 38100 Grenoble','+33 (0)7 49 10 55 36',23,'Odette','2014-07-18','Rongeurs',187,'2023-11-24','Inventore sint rerum pariatur velit tenetur.','Corrupti consequatur minus quia aut.');
INSERT INTO CLINIQUE VALUES(7,'Allard','Christine','694, rue Mathilde Etienne, 38100 Grenoble','0765709438','Poissons',9,'Ollivier','Marguerite','boulevard Margaret Joly, 38300 Grenoble','06 16 67 82 19',15,'Paul','2017-02-03','Chats',188,'2024-04-23','Ipsum assumenda totam dignissimos in.','Dolores adipisci repellendus ipsum ea quia.');
INSERT INTO CLINIQUE VALUES(1,'Caron','Alfred','5, avenue Perret, 38200 Grenoble','0636589631','Chiens',16,'Schneider','Paulette','68, place Jacques Toussaint, 38000 Grenoble','+33 7 76 32 92 66',24,'Franck','2016-08-18','Chevaux',189,'2021-10-17','Et nostrum qui fuga beatae doloremque veniam minima.','Veritatis molestiae eaque deserunt id distinctio cum sunt.');
INSERT INTO CLINIQUE VALUES(6,'Arnaud','Antoinette','819, chemin de Sanchez, 38400 Grenoble','0695644212','Insectes',6,'Aubert','Alix','27, rue Rousseau, 38400 Grenoble','07 33 30 23 61',11,'Louis','2020-01-04','Reptiles',190,'2020-02-01','Aperiam et repellendus deleniti.','Inventore et quos dolorem.');
INSERT INTO CLINIQUE VALUES(5,'Boulanger','Élisabeth','940, chemin Clement, 38400 Grenoble','0767468327','Reptiles',14,'Jacques','Édith','59, impasse de Chauvet, 38300 Grenoble','+33 (0)7 88 34 22 28',22,'Richard','2014-08-12','Chats',191,'2015-12-08','Consectetur nisi voluptas et qui enim et.','Earum nam asperiores quam voluptate voluptatem consequatur.');
INSERT INTO CLINIQUE VALUES(5,'Boulanger','Élisabeth','940, chemin Clement, 38400 Grenoble','0767468327','Reptiles',1,'Breton','Bertrand','avenue de Hebert, 38000 Grenoble','+33 (0)6 54 09 27 93',1,'Emmanuel','2016-07-11','Chats',192,'2017-02-12','Est ea praesentium aliquam facilis velit.','Iste sint sed deserunt sunt.');
INSERT INTO CLINIQUE VALUES(2,'Delmas','Denis','boulevard Raymond Raynaud, 38000 Grenoble','06 32 24 08 14','Chats',6,'Aubert','Alix','27, rue Rousseau, 38400 Grenoble','07 33 30 23 61',11,'Louis','2020-01-04','Reptiles',193,'2021-12-18','Maiores quas et sint accusantium perferendis.','Neque aut enim minus autem.');
INSERT INTO CLINIQUE VALUES(6,'Arnaud','Antoinette','819, chemin de Sanchez, 38400 Grenoble','0695644212','Insectes',5,'Buisson','Aurélie','745, place Juliette Paul, 38300 Grenoble','0752281591',9,'René','2020-10-23','Rongeurs',194,'2021-01-06','Reprehenderit explicabo dolorem perspiciatis est enim.','Incidunt et omnis tempora autem qui.');
INSERT INTO CLINIQUE VALUES(2,'Delmas','Denis','boulevard Raymond Raynaud, 38000 Grenoble','06 32 24 08 14','Chats',3,'Antoine','Laurence','84, avenue Susanne Bourgeois, 38000 Grenoble','0759633486',6,'Henri','2012-09-15','Poissons',195,'2021-11-26','Cum eligendi ut occaecati et nam.','Molestiae et consectetur et consequatur.');
INSERT INTO CLINIQUE VALUES(5,'Boulanger','Élisabeth','940, chemin Clement, 38400 Grenoble','0767468327','Reptiles',13,'Ferreira','Daniel','63, place Bouvet, 38400 Grenoble','0699403721',20,'Gilbert','2010-06-01','Poissons',196,'2021-06-11','Eligendi et dolorem iste voluptatem quia aliquid dicta.','Modi nesciunt sapiente cupiditate cupiditate id.');
INSERT INTO CLINIQUE VALUES(7,'Allard','Christine','694, rue Mathilde Etienne, 38100 Grenoble','0765709438','Poissons',9,'Ollivier','Marguerite','boulevard Margaret Joly, 38300 Grenoble','06 16 67 82 19',16,'Claude','2016-06-13','Rongeurs',197,'2024-05-06','Vero quia consequuntur atque aut velit voluptatem rem.','Laudantium libero ullam ut neque dicta corporis excepturi.');
INSERT INTO CLINIQUE VALUES(3,'Blanchard','Simone','12, impasse Gaudin, 38300 Grenoble','+33 (0)7 67 97 69 22','Rongeurs',17,'Blot','Hortense','70, chemin Diaz, 38400 Grenoble','06 99 64 19 22',26,'Alex','2021-09-14','Insectes',198,'2023-05-12','Qui dignissimos error deserunt.','Eum nemo ut aut harum maiores dolores.');
INSERT INTO CLINIQUE VALUES(6,'Arnaud','Antoinette','819, chemin de Sanchez, 38400 Grenoble','0695644212','Insectes',6,'Aubert','Alix','27, rue Rousseau, 38400 Grenoble','07 33 30 23 61',11,'Louis','2020-01-04','Reptiles',199,'2022-12-26','Rerum et quae natus laboriosam nostrum velit sapiente.','Similique debitis cupiditate excepturi repellat.');
INSERT INTO CLINIQUE VALUES(7,'Allard','Christine','694, rue Mathilde Etienne, 38100 Grenoble','0765709438','Poissons',6,'Aubert','Alix','27, rue Rousseau, 38400 Grenoble','07 33 30 23 61',11,'Louis','2020-01-04','Reptiles',200,'2024-08-21','Aut aut fugit minus aut et voluptas.','Sed voluptatem deleniti sequi.');
INSERT INTO CLINIQUE VALUES(1,'Caron','Alfred','5, avenue Perret, 38200 Grenoble','0636589631','Chiens',1,'Breton','Bertrand','avenue de Hebert, 38000 Grenoble','+33 (0)6 54 09 27 93',1,'Emmanuel','2016-07-11','Chats',201,'2024-09-13','Voluptas quas est sunt numquam.','Iure provident nihil sint ea placeat at fugiat nesciunt.');
INSERT INTO CLINIQUE VALUES(1,'Caron','Alfred','5, avenue Perret, 38200 Grenoble','0636589631','Chiens',1,'Breton','Bertrand','avenue de Hebert, 38000 Grenoble','+33 (0)6 54 09 27 93',2,'Joséphine','2012-05-15','Rongeurs',202,'2013-05-14','Nesciunt a nemo illum fugit voluptas nihil a.','Autem perferendis aut alias saepe.');
INSERT INTO CLINIQUE VALUES(1,'Caron','Alfred','5, avenue Perret, 38200 Grenoble','0636589631','Chiens',1,'Breton','Bertrand','avenue de Hebert, 38000 Grenoble','+33 (0)6 54 09 27 93',3,'Agathe','2020-01-04','Chevaux',203,'2022-11-20','Tenetur adipisci aspernatur minus ea illo.','Et et iusto neque in architecto.');
INSERT INTO CLINIQUE VALUES(1,'Caron','Alfred','5, avenue Perret, 38200 Grenoble','0636589631','Chiens',2,'Traore','Maurice','69, boulevard Bertrand, 38300 Grenoble','+33 7 73 75 64 34',4,'Renée','2016-02-01','Reptiles',204,'2022-01-05','Quia nostrum aut facere similique error consequatur ducimus quas.','Et quod laudantium ipsum et laboriosam aut.');
INSERT INTO CLINIQUE VALUES(1,'Caron','Alfred','5, avenue Perret, 38200 Grenoble','0636589631','Chiens',2,'Traore','Maurice','69, boulevard Bertrand, 38300 Grenoble','+33 7 73 75 64 34',5,'Marcel','2016-10-24','Insectes',205,'2018-11-21','Quia deleniti fugiat et quas rerum iste beatae odit.','Odit corporis facilis et nesciunt.');
INSERT INTO CLINIQUE VALUES(1,'Caron','Alfred','5, avenue Perret, 38200 Grenoble','0636589631','Chiens',3,'Antoine','Laurence','84, avenue Susanne Bourgeois, 38000 Grenoble','0759633486',6,'Henri','2012-09-15','Poissons',206,'2014-10-22','Tenetur ad omnis occaecati nostrum necessitatibus.','Reiciendis debitis et quas nesciunt odit et.');
INSERT INTO CLINIQUE VALUES(1,'Caron','Alfred','5, avenue Perret, 38200 Grenoble','0636589631','Chiens',4,'Begue','Madeleine','5, rue Seguin, 38300 Grenoble','+33 7 55 70 11 02',7,'Gérard','2014-08-11','Chiens',207,'2017-12-13','Rerum magni aut corporis amet sapiente eaque.','Voluptatibus velit consequatur eos architecto ut nostrum amet et.');
INSERT INTO CLINIQUE VALUES(1,'Caron','Alfred','5, avenue Perret, 38200 Grenoble','0636589631','Chiens',5,'Buisson','Aurélie','745, place Juliette Paul, 38300 Grenoble','0752281591',8,'Zacharie','2012-07-14','Chats',208,'2017-08-16','Ab nisi ipsum sunt laudantium nihil distinctio.','Eos eveniet amet repellendus non.');
INSERT INTO CLINIQUE VALUES(1,'Caron','Alfred','5, avenue Perret, 38200 Grenoble','0636589631','Chiens',5,'Buisson','Aurélie','745, place Juliette Paul, 38300 Grenoble','0752281591',9,'René','2020-10-23','Rongeurs',209,'2023-06-26','Aliquid soluta tenetur aut occaecati voluptas qui libero mollitia.','Quos quos ipsum ut libero quia iure consequatur.');
INSERT INTO CLINIQUE VALUES(1,'Caron','Alfred','5, avenue Perret, 38200 Grenoble','0636589631','Chiens',5,'Buisson','Aurélie','745, place Juliette Paul, 38300 Grenoble','0752281591',10,'Claudine','2022-03-07','Chevaux',210,'2023-10-27','Sint ut repellat modi et qui.','Sed et aspernatur praesentium qui at.');
INSERT INTO CLINIQUE VALUES(1,'Caron','Alfred','5, avenue Perret, 38200 Grenoble','0636589631','Chiens',6,'Aubert','Alix','27, rue Rousseau, 38400 Grenoble','07 33 30 23 61',11,'Louis','2020-01-04','Reptiles',211,'2020-11-17','Saepe facilis delectus fugit modi repellat.','Consequuntur est ipsam est aliquam ex atque voluptatibus distinctio.');
INSERT INTO CLINIQUE VALUES(1,'Caron','Alfred','5, avenue Perret, 38200 Grenoble','0636589631','Chiens',6,'Aubert','Alix','27, rue Rousseau, 38400 Grenoble','07 33 30 23 61',12,'Lucy','2013-01-10','Insectes',212,'2021-12-22','Eligendi nihil esse quibusdam et est consequatur.','Consequatur rerum sunt et.');
INSERT INTO CLINIQUE VALUES(1,'Caron','Alfred','5, avenue Perret, 38200 Grenoble','0636589631','Chiens',7,'Leclerc','Christine','21, impasse Margaret Etienne, 38400 Grenoble','0635738740',13,'Simone','2018-05-21','Poissons',213,'2022-08-17','Aspernatur tempore dicta qui qui maxime non ex.','Molestiae et debitis est culpa.');
INSERT INTO CLINIQUE VALUES(1,'Caron','Alfred','5, avenue Perret, 38200 Grenoble','0636589631','Chiens',8,'Berthelot','Camille','509, impasse Alix Riou, 38300 Grenoble','06 34 27 31 14',14,'Véronique','2019-11-16','Chiens',214,'2021-06-07','Dignissimos odio officia amet saepe voluptatum.','Qui qui et aut quia molestias sint impedit est.');
INSERT INTO CLINIQUE VALUES(1,'Caron','Alfred','5, avenue Perret, 38200 Grenoble','0636589631','Chiens',9,'Ollivier','Marguerite','boulevard Margaret Joly, 38300 Grenoble','06 16 67 82 19',15,'Paul','2017-02-03','Chats',215,'2022-02-02','Aut qui aperiam corporis ipsa beatae.','Et placeat fugiat rerum nisi laudantium.');
INSERT INTO CLINIQUE VALUES(1,'Caron','Alfred','5, avenue Perret, 38200 Grenoble','0636589631','Chiens',9,'Ollivier','Marguerite','boulevard Margaret Joly, 38300 Grenoble','06 16 67 82 19',16,'Claude','2016-06-13','Rongeurs',216,'2020-03-23','Ut incidunt est quo nam et exercitationem.','Expedita in velit beatae nihil omnis nihil sunt.');
INSERT INTO CLINIQUE VALUES(1,'Caron','Alfred','5, avenue Perret, 38200 Grenoble','0636589631','Chiens',10,'Cordier','Jérôme','boulevard de Girard, 38400 Grenoble','0738319770',17,'Antoinette','2012-04-23','Chevaux',217,'2013-04-04','Perspiciatis id quia nisi rem qui consequuntur.','Deleniti accusantium quam tempora voluptatem ipsa commodi.');
INSERT INTO CLINIQUE VALUES(1,'Caron','Alfred','5, avenue Perret, 38200 Grenoble','0636589631','Chiens',11,'Jourdan','Aurore','11, rue Joséphine Brun, 38400 Grenoble','+33 (0)6 88 36 48 74',18,'Frédéric','2022-07-24','Reptiles',218,'2023-04-28','Aut est omnis perferendis blanditiis sed aliquam.','Sit explicabo quis accusamus deleniti odit.');
INSERT INTO CLINIQUE VALUES(1,'Caron','Alfred','5, avenue Perret, 38200 Grenoble','0636589631','Chiens',12,'Georges','Clémence','97, boulevard Léon Ribeiro, 38400 Grenoble','07 69 65 96 83',19,'Adélaïde','2011-12-18','Insectes',219,'2016-04-20','Neque esse placeat facilis inventore.','Ea dolore possimus non dolorem fuga qui ab.');
INSERT INTO CLINIQUE VALUES(1,'Caron','Alfred','5, avenue Perret, 38200 Grenoble','0636589631','Chiens',13,'Ferreira','Daniel','63, place Bouvet, 38400 Grenoble','0699403721',20,'Gilbert','2010-06-01','Poissons',220,'2015-12-12','Natus quibusdam totam facilis natus tempora.','Aut et a adipisci impedit culpa labore ut rerum.');
INSERT INTO CLINIQUE VALUES(1,'Caron','Alfred','5, avenue Perret, 38200 Grenoble','0636589631','Chiens',14,'Jacques','Édith','59, impasse de Chauvet, 38300 Grenoble','+33 (0)7 88 34 22 28',21,'Arnaude','2013-11-23','Chiens',221,'2023-09-29','Reiciendis dolore omnis nihil assumenda impedit aut.','Possimus recusandae similique reprehenderit nulla.');
INSERT INTO CLINIQUE VALUES(1,'Caron','Alfred','5, avenue Perret, 38200 Grenoble','0636589631','Chiens',14,'Jacques','Édith','59, impasse de Chauvet, 38300 Grenoble','+33 (0)7 88 34 22 28',22,'Richard','2014-08-12','Chats',222,'2018-01-13','Eos nemo voluptatem corrupti enim aliquid voluptas.','Voluptatem alias omnis tenetur qui repudiandae in voluptatem adipisci.');
INSERT INTO CLINIQUE VALUES(1,'Caron','Alfred','5, avenue Perret, 38200 Grenoble','0636589631','Chiens',15,'Munoz','Luc','impasse Yves Perrier, 38100 Grenoble','+33 (0)7 49 10 55 36',23,'Odette','2014-07-18','Rongeurs',223,'2022-03-27','Qui eum alias aliquam.','Atque qui debitis eaque similique hic illum et aliquam.');
INSERT INTO CLINIQUE VALUES(1,'Caron','Alfred','5, avenue Perret, 38200 Grenoble','0636589631','Chiens',16,'Schneider','Paulette','68, place Jacques Toussaint, 38000 Grenoble','+33 7 76 32 92 66',24,'Franck','2016-08-18','Chevaux',224,'2019-05-25','Eligendi sit a omnis voluptas.','Quis itaque est ad adipisci.');
INSERT INTO CLINIQUE VALUES(1,'Caron','Alfred','5, avenue Perret, 38200 Grenoble','0636589631','Chiens',17,'Blot','Hortense','70, chemin Diaz, 38400 Grenoble','06 99 64 19 22',25,'David','2014-10-03','Reptiles',225,'2017-03-07','Aut et dolorem quidem earum.','Minima et voluptatum libero.');
INSERT INTO CLINIQUE VALUES(1,'Caron','Alfred','5, avenue Perret, 38200 Grenoble','0636589631','Chiens',17,'Blot','Hortense','70, chemin Diaz, 38400 Grenoble','06 99 64 19 22',26,'Alex','2021-09-14','Insectes',226,'2023-04-18','Qui molestiae atque nisi esse et laudantium.','Sequi commodi occaecati eligendi repellat aspernatur ea.');
INSERT INTO CLINIQUE VALUES(1,'Caron','Alfred','5, avenue Perret, 38200 Grenoble','0636589631','Chiens',18,'Seguin','Guy','avenue Breton, 38100 Grenoble','+33 7 83 57 15 66',27,'Christophe','2015-01-10','Poissons',227,'2019-07-05','Vel delectus sed omnis at consequuntur iusto in.','Consectetur dolores optio autem repudiandae culpa quia repellat.');
INSERT INTO CLINIQUE VALUES(1,'Caron','Alfred','5, avenue Perret, 38200 Grenoble','0636589631','Chiens',19,'Boyer','Alexandre','48, avenue Adélaïde Charles, 38100 Grenoble','+33 (0)6 35 14 10 66',28,'Léon','2015-10-20','Chiens',228,'2016-10-06','Sed est dignissimos sunt et commodi sunt vitae.','Sed laudantium sit assumenda nostrum harum.');
INSERT INTO CLINIQUE VALUES(1,'Caron','Alfred','5, avenue Perret, 38200 Grenoble','0636589631','Chiens',20,'Grenier','Alexandre','25, boulevard Besson, 38100 Grenoble','0731473221',29,'Victoire','2017-01-06','Chats',229,'2020-09-06','Voluptatum ab ut consectetur.','Facilis ea eligendi et reprehenderit.');
CREATE TABLE VETERINAIRES (
    numV INTEGER PRIMARY KEY AUTOINCREMENT,
    nomV TEXT,
    prenomV TEXT,
    adresseV TEXT,
    telephoneV TEXT,
    specialiteV TEXT
    );
INSERT INTO VETERINAIRES VALUES(1,'Carnav','Alfred','5, avenue Perret, 38200 Grenoble','0636589631','Chiens');
INSERT INTO VETERINAIRES VALUES(2,'Delmas','Denis','boulevard Raymond Raynaud, 38000 Grenoble','06 32 24 08 14','Chats');
INSERT INTO VETERINAIRES VALUES(3,'Blanchard','Simone','12, impasse Gaudin, 38300 Grenoble','+33 (0)7 67 97 69 22','Rongeurs');
INSERT INTO VETERINAIRES VALUES(4,'Begue','Thibault','2, boulevard Clerc, 38000 Grenoble','+33 (0)6 99 83 53 41','Chevaux');
INSERT INTO VETERINAIRES VALUES(5,'Boulanger','Élisabeth','940, chemin Clement, 38400 Grenoble','0767468327','Reptiles');
INSERT INTO VETERINAIRES VALUES(6,'Arnaud','Antoinette','819, chemin de Sanchez, 38400 Grenoble','0695644212','Insectes');
INSERT INTO VETERINAIRES VALUES(7,'Allard','Christine','694, rue Mathilde Etienne, 38100 Grenoble','0765709438','Poissons');
INSERT INTO VETERINAIRES VALUES(8,'Le Ru','Lili','28, Rue des Chênes, 29280 Plouzané','06 17 49 56 45','Lieu jaune');
CREATE TABLE CLIENTS (
    numC INTEGER PRIMARY KEY AUTOINCREMENT,
    nomC TEXT,
    prenomC TEXT,
    adresseC TEXT,
    telephoneC TEXT
    );
INSERT INTO CLIENTS VALUES(2,'Traore','Maurice','69, boulevard Bertrand, 38300 Grenoble','+33 7 73 75 64 34');
INSERT INTO CLIENTS VALUES(3,'Antoine','Laurence','84, avenue Susanne Bourgeois, 38000 Grenoble','0759633486');
INSERT INTO CLIENTS VALUES(4,'Begue','Madeleine','5, rue Seguin, 38300 Grenoble','+33 7 55 70 11 02');
INSERT INTO CLIENTS VALUES(5,'Buisson','Aurélie','745, place Juliette Paul, 38300 Grenoble','0752281591');
INSERT INTO CLIENTS VALUES(6,'Aubert','Alix','27, rue Rousseau, 38400 Grenoble','07 33 30 23 61');
INSERT INTO CLIENTS VALUES(7,'Leclerc','Christine','21, impasse Margaret Etienne, 38400 Grenoble','0635738740');
INSERT INTO CLIENTS VALUES(8,'Berthelot','Camille','509, impasse Alix Riou, 38300 Grenoble','06 34 27 31 14');
INSERT INTO CLIENTS VALUES(9,'Ollivier','Marguerite','boulevard Margaret Joly, 38300 Grenoble','06 16 67 82 19');
INSERT INTO CLIENTS VALUES(10,'Cordier','Jérôme','boulevard de Girard, 38400 Grenoble','0738319770');
INSERT INTO CLIENTS VALUES(11,'Jourdan','Aurore','11, rue Joséphine Brun, 38400 Grenoble','+33 (0)6 88 36 48 74');
INSERT INTO CLIENTS VALUES(12,'Georges','Clémence','97, boulevard Léon Ribeiro, 38400 Grenoble','07 69 65 96 83');
INSERT INTO CLIENTS VALUES(13,'Ferreira','Daniel','63, place Bouvet, 38400 Grenoble','0699403721');
INSERT INTO CLIENTS VALUES(14,'Jacques','Édith','59, impasse de Chauvet, 38300 Grenoble','+33 (0)7 88 34 22 28');
INSERT INTO CLIENTS VALUES(15,'Munoz','Luc','impasse Yves Perrier, 38100 Grenoble','+33 (0)7 49 10 55 36');
INSERT INTO CLIENTS VALUES(16,'Schneider','Paulette','68, place Jacques Toussaint, 38000 Grenoble','+33 7 76 32 92 66');
INSERT INTO CLIENTS VALUES(17,'Blot','Hortense','70, chemin Diaz, 38400 Grenoble','06 99 64 19 22');
INSERT INTO CLIENTS VALUES(18,'Seguin','Guy','avenue Breton, 38100 Grenoble','+33 7 83 57 15 66');
INSERT INTO CLIENTS VALUES(19,'Boyer','Alexandre','48, avenue Adélaïde Charles, 38100 Grenoble','+33 (0)6 35 14 10 66');
INSERT INTO CLIENTS VALUES(20,'Grenier','Alexandre','25, boulevard Besson, 38100 Grenoble','0731473221');
INSERT INTO CLIENTS VALUES(21,'Blanc','Hubert','3, rue porte de la mort, 66600 Bord-du-Styx','06 66 13 42 07');
CREATE TABLE ANIMAUX (
    numA INTEGER PRIMARY KEY AUTOINCREMENT,
    nomA TEXT,
    dateNaissanceA DATE,
    especeA TEXT,
    proprietaire INTEGER NOT NULL,
    FOREIGN KEY (proprietaire) REFERENCES CLIENTS(numC) ON DELETE CASCADE
    );
INSERT INTO ANIMAUX VALUES(4,'Renée','2016-02-01','Reptiles',2);
INSERT INTO ANIMAUX VALUES(5,'Marcel','2016-10-24','Insectes',2);
INSERT INTO ANIMAUX VALUES(6,'Henri','2012-09-15','Poissons',3);
INSERT INTO ANIMAUX VALUES(7,'Gérard','2014-08-11','Chiens',4);
INSERT INTO ANIMAUX VALUES(8,'Zacharie','2012-07-14','Chats',5);
INSERT INTO ANIMAUX VALUES(9,'René','2020-10-23','Rongeurs',5);
INSERT INTO ANIMAUX VALUES(10,'Claudine','2022-03-07','Chevaux',5);
INSERT INTO ANIMAUX VALUES(11,'Louis','2020-01-04','Reptiles',6);
INSERT INTO ANIMAUX VALUES(12,'Lucy','2013-01-10','Insectes',6);
INSERT INTO ANIMAUX VALUES(13,'Simone','2018-05-21','Poissons',7);
INSERT INTO ANIMAUX VALUES(14,'Véronique','2019-11-16','Chiens',8);
INSERT INTO ANIMAUX VALUES(15,'Paul','2017-02-03','Chats',9);
INSERT INTO ANIMAUX VALUES(16,'Claude','2016-06-13','Rongeurs',9);
INSERT INTO ANIMAUX VALUES(17,'Antoinette','2012-04-23','Chevaux',10);
INSERT INTO ANIMAUX VALUES(18,'Frédéric','2022-07-24','Reptiles',11);
INSERT INTO ANIMAUX VALUES(19,'Adélaïde','2011-12-18','Insectes',12);
INSERT INTO ANIMAUX VALUES(20,'Gilbert','2010-06-01','Poissons',13);
INSERT INTO ANIMAUX VALUES(21,'Arnaude','2013-11-23','Chiens',14);
INSERT INTO ANIMAUX VALUES(22,'Richard','2014-08-12','Chats',14);
INSERT INTO ANIMAUX VALUES(23,'Odette','2014-07-18','Rongeurs',15);
INSERT INTO ANIMAUX VALUES(24,'Franck','2016-08-18','Chevaux',16);
INSERT INTO ANIMAUX VALUES(25,'David','2014-10-03','Reptiles',17);
INSERT INTO ANIMAUX VALUES(26,'Alex','2021-09-14','Insectes',17);
INSERT INTO ANIMAUX VALUES(27,'Christophe','2015-01-10','Poissons',18);
INSERT INTO ANIMAUX VALUES(28,'Léon','2015-10-20','Chiens',19);
INSERT INTO ANIMAUX VALUES(29,'Victoire','2017-01-06','Chats',20);
INSERT INTO ANIMAUX VALUES(30,'Zorg','2010-09-08','Poissons',21);
CREATE TABLE SOINS (
    numS INTEGER PRIMARY KEY AUTOINCREMENT,
    dateS DATE, 
    veterinaireS INTEGER,
    animalS INTEGER NOT NULL,
    diagnosticS TEXT,
    traitementS TEXT,
    FOREIGN KEY (veterinaireS) REFERENCES VETERINAIRES(numV) ON DELETE SET NULL,
    FOREIGN KEY (animalS) REFERENCES ANIMAUX(numA) ON DELETE CASCADE
    );
INSERT INTO SOINS VALUES(1,'2021-06-22',6,9,'Impedit cupiditate itaque quod non in est aliquid.','Consequuntur animi eos ea nesciunt.');
INSERT INTO SOINS VALUES(2,'2015-02-05',4,12,'Et porro incidunt ipsam quo minus non.','Explicabo cupiditate aliquam delectus eligendi fugit molestiae.');
INSERT INTO SOINS VALUES(3,'2019-08-24',4,19,'Deleniti deleniti illum necessitatibus architecto.','Consequatur nulla voluptas laborum velit necessitatibus veritatis inventore.');
INSERT INTO SOINS VALUES(4,'2024-08-27',5,29,'Non veritatis error et voluptatem voluptas quisquam cum necessitatibus.','Rerum sed fuga laudantium expedita nam.');
INSERT INTO SOINS VALUES(5,'2023-05-28',5,29,'A saepe aut optio.','Magni et aut quis nostrum in eaque ratione.');
INSERT INTO SOINS VALUES(6,'2023-02-15',3,25,'Est ex cum illum dolor.','Qui minima quibusdam excepturi at quaerat excepturi.');
INSERT INTO SOINS VALUES(7,'2023-01-10',3,19,'Doloremque fugit quod neque et odio repellat.','Nihil ipsam aut molestiae voluptate ut dolorum.');
INSERT INTO SOINS VALUES(8,'2021-06-05',3,11,'Similique quod facere accusantium sint.','Harum odit numquam mollitia doloremque autem enim officiis exercitationem.');
INSERT INTO SOINS VALUES(9,'2013-08-29',3,17,'Labore quis sunt voluptates aut.','Eos doloribus nemo eum illum assumenda est.');
INSERT INTO SOINS VALUES(10,'2022-01-27',7,22,'Aperiam placeat omnis aperiam dolores doloremque explicabo culpa.','Sapiente debitis aut deserunt deleniti.');
INSERT INTO SOINS VALUES(11,'2024-05-11',6,13,'Quo at beatae quidem aliquam.','Voluptate placeat consequuntur ut quod.');
INSERT INTO SOINS VALUES(12,'2022-11-10',5,14,'Et qui nemo aperiam incidunt architecto.','Tempora animi et deserunt et aliquam unde rerum accusamus.');
INSERT INTO SOINS VALUES(13,'2024-06-05',3,28,'Qui enim sed quia eos rerum commodi.','Ipsum modi delectus non ex corporis.');
INSERT INTO SOINS VALUES(14,'2022-03-21',4,26,'Saepe sit porro vitae qui aliquid.','Distinctio voluptates fugiat laborum ea amet officiis.');
INSERT INTO SOINS VALUES(15,'2024-08-04',5,23,'Sunt impedit et quam atque omnis id.','Itaque dolores eligendi velit quae dolore quidem officiis et.');
INSERT INTO SOINS VALUES(16,'2018-06-21',7,12,'Facere aperiam nisi quas aliquam dolorem voluptates.','Perspiciatis nobis quia quibusdam.');
INSERT INTO SOINS VALUES(17,'2024-01-06',5,13,'Suscipit voluptatem asperiores omnis voluptatibus animi quibusdam.','Sed non ex nemo velit porro.');
INSERT INTO SOINS VALUES(19,'2022-11-13',7,16,'Quod ducimus omnis non dolores quis perspiciatis eligendi.','Error quia omnis autem dicta commodi.');
INSERT INTO SOINS VALUES(20,'2021-08-09',1,4,'Impedit voluptatem magni velit ex autem qui.','Recusandae minus saepe dicta sequi et.');
INSERT INTO SOINS VALUES(21,'2019-01-16',4,16,'Molestias mollitia totam harum est aliquam et.','Consequatur est nemo magnam optio.');
INSERT INTO SOINS VALUES(22,'2022-10-04',3,11,'Error odio nam corrupti blanditiis in harum voluptatibus.','Maxime praesentium temporibus odit praesentium id dolorem animi.');
INSERT INTO SOINS VALUES(23,'2023-09-05',6,4,'Officia tempora quos omnis vero pariatur.','Est omnis consectetur cum libero praesentium quam.');
INSERT INTO SOINS VALUES(24,'2021-01-12',5,5,'Sit vitae ea nihil natus minima.','Culpa explicabo error labore aliquid dolor.');
INSERT INTO SOINS VALUES(25,'2019-04-08',7,13,'Et eos sint assumenda adipisci qui voluptatibus in a.','Qui et eius quia et.');
INSERT INTO SOINS VALUES(27,'2021-04-25',2,13,'Distinctio expedita sit modi reprehenderit laboriosam enim.','Voluptatem facilis ut assumenda labore illo rerum.');
INSERT INTO SOINS VALUES(28,'2019-04-29',5,23,'Minus nobis aspernatur sed voluptas cupiditate vel debitis.','Hic dolorem tempora delectus et consequatur.');
INSERT INTO SOINS VALUES(31,'2024-03-20',2,23,'Asperiores in est laudantium.','Consequatur illum blanditiis voluptatibus velit itaque.');
INSERT INTO SOINS VALUES(32,'2014-05-01',7,17,'Nemo earum aspernatur odit unde.','Quo fuga quidem exercitationem.');
INSERT INTO SOINS VALUES(33,'2020-06-26',6,16,'Quia consequuntur rerum nesciunt nostrum nemo.','Doloribus et qui nesciunt voluptatem debitis velit.');
INSERT INTO SOINS VALUES(34,'2021-08-29',4,5,'Est alias consequatur itaque tenetur nam.','Aut cumque itaque minus nobis ex.');
INSERT INTO SOINS VALUES(35,'2013-12-24',4,17,'Aut maiores mollitia qui consequatur minima quia fugit.','Excepturi sunt nam iste quia ipsam inventore a.');
INSERT INTO SOINS VALUES(36,'2013-12-15',4,21,'Aut quae deleniti sint fuga dolores voluptate rem.','Delectus culpa numquam fuga ea.');
INSERT INTO SOINS VALUES(37,'2017-02-23',3,8,'Ut necessitatibus facilis rerum mollitia quis.','Iure et eaque molestiae itaque.');
INSERT INTO SOINS VALUES(38,'2024-08-05',6,18,'Dignissimos dignissimos voluptatem tempore id corporis eum fugiat et.','Accusamus facilis debitis recusandae ut veniam.');
INSERT INTO SOINS VALUES(39,'2013-10-24',2,6,'Veritatis repellat labore qui libero rerum iusto recusandae.','Non suscipit sit debitis quidem quaerat amet.');
INSERT INTO SOINS VALUES(40,'2013-01-12',4,17,'Molestiae voluptatibus at quos accusantium placeat inventore.','Mollitia quisquam nesciunt nobis non molestiae molestiae molestiae eligendi.');
INSERT INTO SOINS VALUES(41,'2022-05-03',7,19,'Rerum optio qui quia repellendus repudiandae sapiente ut.','Dolorem aut et cupiditate enim sed.');
INSERT INTO SOINS VALUES(42,'2021-12-18',4,19,'Quia eveniet fugiat rerum qui perspiciatis voluptatem facere.','Praesentium dolor et qui dolorum minima possimus officiis qui.');
INSERT INTO SOINS VALUES(43,'2022-05-22',3,27,'Repudiandae dignissimos iste possimus sunt nemo libero neque.','Fugiat sunt hic nam maiores et.');
INSERT INTO SOINS VALUES(44,'2015-10-12',3,17,'Aliquid voluptatem ducimus quia dolorum doloremque.','Est aspernatur deleniti vel dolorem vero qui rerum.');
INSERT INTO SOINS VALUES(45,'2023-08-31',5,6,'Molestiae nihil eius modi.','Ipsa in aliquam non quibusdam.');
INSERT INTO SOINS VALUES(46,'2021-12-20',3,22,'Tempora laborum recusandae inventore tempore.','Enim consequuntur minima voluptatibus.');
INSERT INTO SOINS VALUES(47,'2014-11-28',5,23,'Adipisci dolore dolor molestiae id ut id.','Voluptas non sed animi sed eius.');
INSERT INTO SOINS VALUES(48,'2017-07-22',7,23,'In quia voluptas sapiente.','Sapiente ut praesentium reiciendis voluptas aperiam debitis veniam.');
INSERT INTO SOINS VALUES(49,'2021-12-14',2,13,'Excepturi veniam et corrupti.','Sit alias aut nihil nam voluptas.');
INSERT INTO SOINS VALUES(51,'2018-07-05',3,19,'Laudantium aut libero est.','Id non ut voluptates qui explicabo neque eveniet facilis.');
INSERT INTO SOINS VALUES(52,'2019-05-09',7,24,'Maxime sunt veniam eum quis.','Vero quae odio nostrum fuga voluptatum.');
INSERT INTO SOINS VALUES(53,'2014-11-12',4,23,'Porro quisquam illo aliquid consectetur sit non et doloribus.','Unde temporibus unde eveniet ad vel porro sint.');
INSERT INTO SOINS VALUES(54,'2024-10-19',7,18,'A veniam laudantium sit reiciendis consequatur.','Consectetur nobis quia sit eos.');
INSERT INTO SOINS VALUES(55,'2022-06-26',5,9,'Dolorum unde sequi sit commodi harum ratione qui.','Illo quod a sunt quaerat vero a.');
INSERT INTO SOINS VALUES(56,'2022-03-06',1,21,'Non eum aperiam quia.','Enim fugit quaerat et accusantium.');
INSERT INTO SOINS VALUES(57,'2019-01-24',4,8,'Suscipit ut fuga aliquid ipsam aut.','Quaerat iste sunt similique magni nam.');
INSERT INTO SOINS VALUES(58,'2018-05-20',5,20,'Tenetur tempora dignissimos ut sint repellat.','Et veritatis omnis et eius eveniet.');
INSERT INTO SOINS VALUES(59,'2021-07-02',2,11,'Modi enim officiis quasi ipsam non.','Ea sunt velit quia placeat rerum laudantium vel et.');
INSERT INTO SOINS VALUES(60,'2013-09-12',4,6,'Distinctio in in perferendis occaecati soluta eos rerum.','Est voluptatibus quasi soluta corporis veritatis sunt voluptatum provident.');
INSERT INTO SOINS VALUES(61,'2016-10-08',2,28,'Quaerat neque vitae sapiente quaerat aut possimus.','Dolorem voluptatem perferendis est ut ut.');
INSERT INTO SOINS VALUES(62,'2022-11-06',7,9,'Quidem magni aspernatur maiores modi cumque dolorem beatae.','Ipsam consectetur modi quo sunt ea.');
INSERT INTO SOINS VALUES(64,'2021-02-18',1,15,'Laboriosam nulla eligendi et illum praesentium id.','Voluptatem et aspernatur dicta.');
INSERT INTO SOINS VALUES(65,'2023-03-03',5,18,'Voluptatem voluptate omnis aut aut.','Consectetur quos aliquid et neque consequatur id.');
INSERT INTO SOINS VALUES(66,'2018-12-26',6,16,'Officia qui occaecati enim.','Eligendi eveniet est ut aperiam.');
INSERT INTO SOINS VALUES(67,'2022-04-18',6,19,'Mollitia quod blanditiis quo provident.','Quia aperiam dolor voluptatem nihil aspernatur vel.');
INSERT INTO SOINS VALUES(68,'2022-12-22',3,9,'Provident itaque repellendus dolore unde.','Dolores possimus et eligendi error.');
INSERT INTO SOINS VALUES(69,'2021-01-29',7,20,'Dignissimos est sed odio ullam rem.','Est voluptas molestiae quo nihil voluptas.');
INSERT INTO SOINS VALUES(70,'2024-04-05',7,27,'Ratione deleniti rem et id laudantium.','Asperiores inventore exercitationem temporibus.');
INSERT INTO SOINS VALUES(71,'2015-07-24',2,19,'Eum et aut mollitia modi omnis.','Pariatur quam maiores autem soluta totam reiciendis illo.');
INSERT INTO SOINS VALUES(72,'2024-08-29',5,6,'Sit at nihil nam omnis itaque.','Et reiciendis repellendus eveniet similique non.');
INSERT INTO SOINS VALUES(73,'2017-12-14',5,23,'Officia consequatur sunt labore beatae voluptatibus.','Earum voluptatum dolore beatae consequatur omnis iusto.');
INSERT INTO SOINS VALUES(74,'2020-03-31',6,19,'Unde dolore cupiditate esse sunt in doloribus facere veniam.','Sit perspiciatis autem atque blanditiis dolorem doloremque dicta.');
INSERT INTO SOINS VALUES(75,'2020-04-24',4,24,'Neque nostrum saepe qui placeat.','Doloribus magnam sit eum qui in laudantium ut.');
INSERT INTO SOINS VALUES(78,'2019-08-17',4,5,'Provident aut id soluta voluptatibus.','Nam impedit magni iusto sed id amet explicabo.');
INSERT INTO SOINS VALUES(79,'2018-09-16',1,15,'Tempore ducimus quis aut non.','Et ratione possimus dolorum rerum quod amet.');
INSERT INTO SOINS VALUES(80,'2024-08-01',3,18,'Veniam repudiandae laborum et natus soluta nihil veniam.','Eos eius qui sunt minus recusandae maiores.');
INSERT INTO SOINS VALUES(81,'2018-03-28',4,27,'Ex dolores tenetur aut tenetur perferendis rem omnis.','Voluptatem labore ea tenetur asperiores magni omnis aut.');
INSERT INTO SOINS VALUES(82,'2020-09-26',4,7,'Ullam omnis suscipit reprehenderit aut.','Aliquid rerum ut quisquam quibusdam ratione.');
INSERT INTO SOINS VALUES(83,'2020-07-17',3,29,'Ut est quae et sed numquam quae laboriosam.','Consequatur rerum odio odit ipsa distinctio nemo.');
INSERT INTO SOINS VALUES(84,'2022-11-02',3,24,'In voluptatem sit eius veniam maiores.','Ex maiores est exercitationem accusantium odit et nemo.');
INSERT INTO SOINS VALUES(85,'2019-03-05',7,25,'Rerum tempora magnam vero error.','Odit aut ipsa dolores ea sunt quia.');
INSERT INTO SOINS VALUES(86,'2023-04-25',7,9,'Facilis dolorem sapiente et eos ut sunt.','Temporibus sunt impedit ullam id qui.');
INSERT INTO SOINS VALUES(88,'2018-02-12',4,5,'Officia omnis atque maiores excepturi sunt eaque.','Qui sunt recusandae distinctio.');
INSERT INTO SOINS VALUES(89,'2014-04-26',2,12,'Itaque explicabo eius cumque possimus.','Veniam nemo maxime repellat voluptatem hic.');
INSERT INTO SOINS VALUES(90,'2018-06-24',3,28,'Explicabo ex odio minima numquam harum eius labore.','Dolores accusamus laborum aut odio ad impedit.');
INSERT INTO SOINS VALUES(91,'2021-09-16',4,29,'Nostrum qui qui eveniet fugiat ratione.','Optio architecto nihil aut maxime et eveniet non amet.');
INSERT INTO SOINS VALUES(92,'2022-04-13',7,8,'Inventore nemo eum voluptatem corrupti.','Quia quia ea est est itaque velit.');
INSERT INTO SOINS VALUES(93,'2023-08-09',5,9,'Corrupti cum omnis numquam.','Quia nulla aut doloribus incidunt.');
INSERT INTO SOINS VALUES(94,'2023-01-21',1,18,'Eveniet magnam ut doloribus fugit eum est ut.','Asperiores distinctio blanditiis dicta fuga et deserunt.');
INSERT INTO SOINS VALUES(95,'2024-03-22',7,27,'Natus quod architecto molestias illo laudantium pariatur quas.','Nihil et est aut est.');
INSERT INTO SOINS VALUES(96,'2018-10-08',6,7,'Occaecati animi et natus temporibus quis corrupti ad.','Laboriosam est et dolorem.');
INSERT INTO SOINS VALUES(97,'2015-08-07',3,23,'Nobis rerum earum necessitatibus in ratione.','Excepturi nulla asperiores et qui autem qui.');
INSERT INTO SOINS VALUES(98,'2017-10-10',7,16,'Debitis molestias fugit sed eligendi veritatis voluptates.','Et omnis similique corrupti voluptates.');
INSERT INTO SOINS VALUES(99,'2018-08-04',6,13,'Qui illum aut dolore ad qui.','Et sed commodi laboriosam molestias dolorem dolor mollitia.');
INSERT INTO SOINS VALUES(100,'2020-05-29',6,22,'Voluptatem qui magnam vel neque.','Ut qui vero perferendis debitis.');
INSERT INTO SOINS VALUES(101,'2023-07-21',1,13,'Maiores architecto quod ad qui id sapiente est.','Soluta porro ut laborum non aperiam nam.');
INSERT INTO SOINS VALUES(102,'2018-11-04',3,21,'Sed soluta soluta totam pariatur laborum nam.','Et aliquam numquam in repudiandae.');
INSERT INTO SOINS VALUES(103,'2016-11-20',2,7,'Molestiae optio explicabo non aut iure magnam.','Odio perferendis id ea harum asperiores sequi.');
INSERT INTO SOINS VALUES(104,'2022-10-22',1,13,'Minus accusantium qui recusandae et.','Consectetur optio ratione est autem.');
INSERT INTO SOINS VALUES(105,'2022-01-30',4,14,'Provident quibusdam sit qui quia labore inventore laboriosam numquam.','Voluptatum aut ut cum omnis.');
INSERT INTO SOINS VALUES(106,'2023-10-27',1,20,'Laudantium voluptatibus omnis qui et dolorem praesentium.','Alias voluptatibus quaerat labore consequatur explicabo.');
INSERT INTO SOINS VALUES(107,'2023-12-22',6,7,'Dolores eligendi explicabo quam natus iste.','Sed dolor ab consequuntur.');
INSERT INTO SOINS VALUES(108,'2019-05-12',1,4,'Et cum corporis aliquam aut fugiat delectus consequatur minus.','Voluptas sint voluptas eligendi ea eos explicabo.');
INSERT INTO SOINS VALUES(109,'2020-09-15',5,12,'Beatae pariatur reiciendis distinctio unde quis aut.','Est et saepe id aut adipisci libero quae.');
INSERT INTO SOINS VALUES(111,'2019-02-03',2,20,'Nihil quis dicta maiores similique.','Rerum voluptate in illum ipsam.');
INSERT INTO SOINS VALUES(112,'2021-06-18',7,16,'Aliquam est in fugiat harum dolores ullam assumenda.','Illum id et odio rerum aut iure.');
INSERT INTO SOINS VALUES(113,'2018-05-20',2,7,'Ipsam a sint esse iure cupiditate.','Rerum quas eveniet voluptates magnam sit.');
INSERT INTO SOINS VALUES(114,'2021-01-21',5,11,'Quia debitis officiis quo quod laborum perspiciatis possimus.','Facilis illum aut repudiandae praesentium non odio blanditiis quidem.');
INSERT INTO SOINS VALUES(115,'2020-06-13',1,25,'Debitis qui aliquid alias iste illo.','Consectetur maxime quaerat et corporis.');
INSERT INTO SOINS VALUES(116,'2021-04-05',5,28,'Rerum iusto labore blanditiis nihil accusamus facere est.','Eos praesentium numquam necessitatibus voluptatum ut.');
INSERT INTO SOINS VALUES(117,'2020-10-14',5,4,'Porro voluptatem iusto impedit aliquid tenetur.','At aut reprehenderit repellendus rerum id velit ipsam.');
INSERT INTO SOINS VALUES(118,'2024-01-23',2,15,'Incidunt eum omnis quis natus harum.','Consequatur et cumque tempore consectetur consectetur.');
INSERT INTO SOINS VALUES(119,'2021-10-07',5,14,'Quo voluptatibus corrupti rerum rerum expedita.','Laborum quo iste sequi autem voluptates maxime maiores.');
INSERT INTO SOINS VALUES(120,'2021-12-13',6,13,'Id neque voluptas sint qui aliquid.','Nemo beatae eaque aut consequatur.');
INSERT INTO SOINS VALUES(121,'2023-09-16',3,26,'Aliquid at nobis rem consectetur incidunt expedita.','Sed tenetur et natus non cumque non.');
INSERT INTO SOINS VALUES(122,'2016-10-11',1,19,'Accusantium aut quos incidunt dolores velit quod.','Sint aperiam tenetur nihil minus id assumenda.');
INSERT INTO SOINS VALUES(123,'2013-09-26',1,6,'Explicabo modi provident reprehenderit harum aut eum optio ut.','Molestiae tempora est quasi aut autem corrupti fugit.');
INSERT INTO SOINS VALUES(124,'2024-10-19',1,10,'Dicta voluptatem temporibus placeat.','Quasi repellat ipsam aliquid officia sed.');
INSERT INTO SOINS VALUES(126,'2013-04-14',1,12,'Est corporis officia aut aspernatur mollitia veniam vel consequuntur.','Ipsam vel nesciunt accusantium cupiditate deleniti dicta vel.');
INSERT INTO SOINS VALUES(127,'2017-09-21',5,15,'Praesentium omnis odit voluptatum enim mollitia ab aut.','Molestiae aut perferendis est hic quisquam.');
INSERT INTO SOINS VALUES(128,'2015-06-30',7,19,'Quia ipsum ut alias quis et.','Animi quidem aut eum architecto deleniti possimus.');
INSERT INTO SOINS VALUES(129,'2015-12-17',5,25,'Excepturi repellendus et repudiandae temporibus est iste commodi.','Atque velit eum aut.');
INSERT INTO SOINS VALUES(130,'2017-01-12',3,6,'Eum et nihil est est omnis et.','Molestiae consequatur sed ut repudiandae cupiditate.');
INSERT INTO SOINS VALUES(131,'2017-07-06',5,15,'Fugiat dolor laboriosam dignissimos nobis voluptatem.','At quis id voluptatem accusamus.');
INSERT INTO SOINS VALUES(132,'2022-12-04',3,24,'Nesciunt molestias aut eos quaerat expedita.','Temporibus repellendus magnam id quae architecto nobis eum.');
INSERT INTO SOINS VALUES(133,'2023-06-19',6,5,'Qui magni nulla vero accusamus ab cumque.','Culpa et dolorem quia non incidunt.');
INSERT INTO SOINS VALUES(135,'2024-03-22',7,25,'Ipsa dolorem sit quia vero.','Molestiae nesciunt consequatur aut ex quis harum ut.');
INSERT INTO SOINS VALUES(136,'2023-11-14',4,4,'Error eum delectus praesentium sit ab sit.','Exercitationem iusto expedita ipsa.');
INSERT INTO SOINS VALUES(137,'2021-03-16',3,9,'Rerum consequatur et temporibus quia molestias.','Ea omnis doloremque accusantium officia cum aliquid architecto.');
INSERT INTO SOINS VALUES(138,'2012-09-17',5,6,'Est placeat dignissimos a eos.','Animi quo voluptatem ut ipsum repellat voluptas voluptas.');
INSERT INTO SOINS VALUES(139,'2024-09-13',5,18,'Beatae voluptates eum unde itaque.','Dicta voluptate sit dicta minima tenetur eum saepe.');
INSERT INTO SOINS VALUES(140,'2024-04-29',4,16,'Dolores reiciendis est qui.','Enim atque eveniet qui et qui.');
INSERT INTO SOINS VALUES(141,'2024-03-20',2,13,'Ullam consequatur exercitationem molestiae et non.','Et quasi rerum sed labore velit et aut ut.');
INSERT INTO SOINS VALUES(142,'2022-12-24',6,17,'Et enim quam laudantium id.','Enim saepe fugit illo quia ducimus impedit.');
INSERT INTO SOINS VALUES(143,'2019-08-03',2,27,'Rem omnis eum illo et veritatis nostrum consequatur.','Repudiandae impedit non deleniti quis.');
INSERT INTO SOINS VALUES(144,'2024-06-26',7,23,'Incidunt vitae rerum eaque vel qui.','Architecto vero voluptatem quis quo.');
INSERT INTO SOINS VALUES(146,'2019-08-28',1,8,'Soluta reiciendis ex earum tenetur rerum dolor consequatur.','Animi aut qui minus at molestiae qui suscipit.');
INSERT INTO SOINS VALUES(147,'2022-04-03',1,9,'Quo et non ea necessitatibus.','Iure labore soluta odit.');
INSERT INTO SOINS VALUES(148,'2020-01-13',3,6,'Possimus sapiente nemo illum laborum quibusdam expedita.','Quae voluptates eligendi pariatur quae aperiam.');
INSERT INTO SOINS VALUES(149,'2024-06-13',4,7,'Veritatis placeat odio in commodi.','Dolorem voluptatem tenetur neque officia quas ex nostrum.');
INSERT INTO SOINS VALUES(150,'2022-11-07',6,14,'Similique dolor qui est ducimus animi voluptas id.','Et est occaecati iste in sed asperiores earum.');
INSERT INTO SOINS VALUES(151,'2022-11-09',4,27,'Non excepturi quibusdam libero quam.','Officiis debitis labore perspiciatis rerum architecto rerum.');
INSERT INTO SOINS VALUES(152,'2023-09-30',2,18,'Ipsam ad quaerat sit voluptas omnis aut.','Animi amet odio voluptatem est veniam.');
INSERT INTO SOINS VALUES(153,'2023-12-30',7,19,'Rerum similique vero expedita iste vel officiis.','Et et maiores aliquid consequatur.');
INSERT INTO SOINS VALUES(154,'2024-04-20',7,24,'Dolorem ducimus dolorem earum.','Et ea animi accusamus corrupti consectetur exercitationem molestiae.');
INSERT INTO SOINS VALUES(155,'2024-06-25',7,16,'Quia sapiente reprehenderit sed odio.','Ullam consequuntur facere accusantium sit.');
INSERT INTO SOINS VALUES(156,'2022-09-26',7,9,'Placeat minus repellat mollitia quam alias quia qui.','Eum ab iure officia sit maiores quaerat totam adipisci.');
INSERT INTO SOINS VALUES(157,'2015-06-14',2,25,'Ducimus tenetur inventore et commodi molestiae.','Est est minima rerum quas quasi nisi aliquid.');
INSERT INTO SOINS VALUES(158,'2022-12-18',2,25,'Repudiandae quia ut non voluptas impedit.','Porro sunt laudantium voluptatibus similique amet quam.');
INSERT INTO SOINS VALUES(160,'2020-12-12',3,25,'Quo voluptatem consequatur et perferendis quia et eligendi.','Consequuntur deserunt quasi numquam qui quaerat.');
INSERT INTO SOINS VALUES(161,'2019-11-09',6,21,'Dolor cumque consequatur illum quos quia.','Ut cumque doloribus voluptate qui velit unde et dolorum.');
INSERT INTO SOINS VALUES(162,'2020-12-31',3,4,'Magni expedita recusandae magnam quidem placeat dicta.','Nemo est eum ullam.');
INSERT INTO SOINS VALUES(163,'2020-04-01',7,19,'Adipisci qui perspiciatis nostrum aut.','Libero cum veniam dolorem nam qui sit.');
INSERT INTO SOINS VALUES(164,'2023-11-01',1,9,'Non iusto minus ratione et.','Optio eos dolorem aut voluptas rem eveniet adipisci.');
INSERT INTO SOINS VALUES(165,'2023-08-24',4,10,'Dicta sint ea necessitatibus laboriosam ea facilis ducimus.','Labore molestiae quos libero eaque vero nam iure asperiores.');
INSERT INTO SOINS VALUES(166,'2023-09-07',4,29,'Labore incidunt ut aut rerum nisi.','Facilis illum et porro et est quis officiis.');
INSERT INTO SOINS VALUES(167,'2018-04-23',1,23,'Adipisci quis officiis sint laudantium facere vitae qui dicta.','Quasi voluptatem aut aut possimus ut amet omnis.');
INSERT INTO SOINS VALUES(168,'2015-08-12',6,23,'Natus praesentium velit distinctio hic ipsum nisi.','Dolorem delectus nisi maiores neque.');
INSERT INTO SOINS VALUES(170,'2017-02-10',5,15,'Alias tempore velit dolorem in nisi.','Sunt libero ut itaque nam ad animi eveniet.');
INSERT INTO SOINS VALUES(171,'2017-03-01',6,27,'Inventore maxime soluta explicabo et tempora eum et est.','Eum eius nostrum occaecati dolorem non.');
INSERT INTO SOINS VALUES(172,'2023-12-31',7,10,'Quia iure est eum dignissimos.','Aut et sit repellendus libero sit tenetur voluptatem.');
INSERT INTO SOINS VALUES(173,'2024-03-29',7,22,'Expedita voluptatem assumenda et odit.','Alias beatae alias quo deleniti possimus.');
INSERT INTO SOINS VALUES(174,'2024-01-16',7,14,'Qui ut sunt odit sit.','Perferendis ut voluptas distinctio nam.');
INSERT INTO SOINS VALUES(175,'2012-11-22',2,20,'Ut et est quod architecto error commodi libero.','Est sint quidem accusamus optio perspiciatis deserunt consequatur accusamus.');
INSERT INTO SOINS VALUES(177,'2020-09-03',5,5,'Dolorum quibusdam quasi dicta atque rerum fugit.','Id voluptas et quidem illo.');
INSERT INTO SOINS VALUES(178,'2019-01-13',6,4,'Quaerat nam et quia fuga est voluptatem neque.','Rerum qui quia veniam amet odit.');
INSERT INTO SOINS VALUES(179,'2015-03-28',3,22,'Sed quaerat veritatis odio sapiente tenetur mollitia similique.','Consequatur minima vitae ullam.');
INSERT INTO SOINS VALUES(180,'2022-01-01',7,17,'Aliquid sit at magnam autem.','Necessitatibus quia sunt dolor et labore.');
INSERT INTO SOINS VALUES(181,'2017-12-09',3,16,'Labore qui sed illum deserunt eius.','Esse voluptatibus harum natus sint error tempore accusamus.');
INSERT INTO SOINS VALUES(182,'2022-04-06',5,9,'Ipsam ut vel repellat impedit ab tempora.','Asperiores quod ut doloremque aut quis aperiam.');
INSERT INTO SOINS VALUES(183,'2015-07-12',3,8,'Veniam velit vel voluptatibus voluptatem.','Asperiores illo sed inventore.');
INSERT INTO SOINS VALUES(184,'2018-10-23',1,7,'Inventore reprehenderit et similique ex.','Sunt porro minus corrupti nesciunt similique consequatur et.');
INSERT INTO SOINS VALUES(185,'2023-03-31',5,11,'Sint quam ab veniam ut.','Minus impedit qui quidem eligendi.');
INSERT INTO SOINS VALUES(187,'2023-11-24',3,23,'Inventore sint rerum pariatur velit tenetur.','Corrupti consequatur minus quia aut.');
INSERT INTO SOINS VALUES(188,'2024-04-23',7,15,'Ipsum assumenda totam dignissimos in.','Dolores adipisci repellendus ipsum ea quia.');
INSERT INTO SOINS VALUES(189,'2021-10-17',1,24,'Et nostrum qui fuga beatae doloremque veniam minima.','Veritatis molestiae eaque deserunt id distinctio cum sunt.');
INSERT INTO SOINS VALUES(190,'2020-02-01',6,11,'Aperiam et repellendus deleniti.','Inventore et quos dolorem.');
INSERT INTO SOINS VALUES(191,'2015-12-08',5,22,'Consectetur nisi voluptas et qui enim et.','Earum nam asperiores quam voluptate voluptatem consequatur.');
INSERT INTO SOINS VALUES(193,'2021-12-18',2,11,'Maiores quas et sint accusantium perferendis.','Neque aut enim minus autem.');
INSERT INTO SOINS VALUES(194,'2021-01-06',6,9,'Reprehenderit explicabo dolorem perspiciatis est enim.','Incidunt et omnis tempora autem qui.');
INSERT INTO SOINS VALUES(195,'2021-11-26',2,6,'Cum eligendi ut occaecati et nam.','Molestiae et consectetur et consequatur.');
INSERT INTO SOINS VALUES(196,'2021-06-11',5,20,'Eligendi et dolorem iste voluptatem quia aliquid dicta.','Modi nesciunt sapiente cupiditate cupiditate id.');
INSERT INTO SOINS VALUES(197,'2024-05-06',7,16,'Vero quia consequuntur atque aut velit voluptatem rem.','Laudantium libero ullam ut neque dicta corporis excepturi.');
INSERT INTO SOINS VALUES(198,'2023-05-12',3,26,'Qui dignissimos error deserunt.','Eum nemo ut aut harum maiores dolores.');
INSERT INTO SOINS VALUES(199,'2022-12-26',6,11,'Rerum et quae natus laboriosam nostrum velit sapiente.','Similique debitis cupiditate excepturi repellat.');
INSERT INTO SOINS VALUES(200,'2024-08-21',7,11,'Aut aut fugit minus aut et voluptas.','Sed voluptatem deleniti sequi.');
INSERT INTO SOINS VALUES(204,'2022-01-05',1,4,'Quia nostrum aut facere similique error consequatur ducimus quas.','Et quod laudantium ipsum et laboriosam aut.');
INSERT INTO SOINS VALUES(205,'2018-11-21',1,5,'Quia deleniti fugiat et quas rerum iste beatae odit.','Odit corporis facilis et nesciunt.');
INSERT INTO SOINS VALUES(206,'2014-10-22',1,6,'Tenetur ad omnis occaecati nostrum necessitatibus.','Reiciendis debitis et quas nesciunt odit et.');
INSERT INTO SOINS VALUES(207,'2017-12-13',1,7,'Rerum magni aut corporis amet sapiente eaque.','Voluptatibus velit consequatur eos architecto ut nostrum amet et.');
INSERT INTO SOINS VALUES(208,'2017-08-16',1,8,'Ab nisi ipsum sunt laudantium nihil distinctio.','Eos eveniet amet repellendus non.');
INSERT INTO SOINS VALUES(209,'2023-06-26',1,9,'Aliquid soluta tenetur aut occaecati voluptas qui libero mollitia.','Quos quos ipsum ut libero quia iure consequatur.');
INSERT INTO SOINS VALUES(210,'2023-10-27',1,10,'Sint ut repellat modi et qui.','Sed et aspernatur praesentium qui at.');
INSERT INTO SOINS VALUES(211,'2020-11-17',1,11,'Saepe facilis delectus fugit modi repellat.','Consequuntur est ipsam est aliquam ex atque voluptatibus distinctio.');
INSERT INTO SOINS VALUES(212,'2021-12-22',1,12,'Eligendi nihil esse quibusdam et est consequatur.','Consequatur rerum sunt et.');
INSERT INTO SOINS VALUES(213,'2022-08-17',1,13,'Aspernatur tempore dicta qui qui maxime non ex.','Molestiae et debitis est culpa.');
INSERT INTO SOINS VALUES(214,'2021-06-07',1,14,'Dignissimos odio officia amet saepe voluptatum.','Qui qui et aut quia molestias sint impedit est.');
INSERT INTO SOINS VALUES(215,'2022-02-02',1,15,'Aut qui aperiam corporis ipsa beatae.','Et placeat fugiat rerum nisi laudantium.');
INSERT INTO SOINS VALUES(216,'2020-03-23',1,16,'Ut incidunt est quo nam et exercitationem.','Expedita in velit beatae nihil omnis nihil sunt.');
INSERT INTO SOINS VALUES(217,'2013-04-04',1,17,'Perspiciatis id quia nisi rem qui consequuntur.','Deleniti accusantium quam tempora voluptatem ipsa commodi.');
INSERT INTO SOINS VALUES(218,'2023-04-28',1,18,'Aut est omnis perferendis blanditiis sed aliquam.','Sit explicabo quis accusamus deleniti odit.');
INSERT INTO SOINS VALUES(219,'2016-04-20',1,19,'Neque esse placeat facilis inventore.','Ea dolore possimus non dolorem fuga qui ab.');
INSERT INTO SOINS VALUES(220,'2015-12-12',1,20,'Natus quibusdam totam facilis natus tempora.','Aut et a adipisci impedit culpa labore ut rerum.');
INSERT INTO SOINS VALUES(221,'2023-09-29',1,21,'Reiciendis dolore omnis nihil assumenda impedit aut.','Possimus recusandae similique reprehenderit nulla.');
INSERT INTO SOINS VALUES(222,'2018-01-13',1,22,'Eos nemo voluptatem corrupti enim aliquid voluptas.','Voluptatem alias omnis tenetur qui repudiandae in voluptatem adipisci.');
INSERT INTO SOINS VALUES(223,'2022-03-27',1,23,'Qui eum alias aliquam.','Atque qui debitis eaque similique hic illum et aliquam.');
INSERT INTO SOINS VALUES(224,'2019-05-25',1,24,'Eligendi sit a omnis voluptas.','Quis itaque est ad adipisci.');
INSERT INTO SOINS VALUES(225,'2017-03-07',1,25,'Aut et dolorem quidem earum.','Minima et voluptatum libero.');
INSERT INTO SOINS VALUES(226,'2023-04-18',1,26,'Qui molestiae atque nisi esse et laudantium.','Sequi commodi occaecati eligendi repellat aspernatur ea.');
INSERT INTO SOINS VALUES(227,'2019-07-05',1,27,'Vel delectus sed omnis at consequuntur iusto in.','Consectetur dolores optio autem repudiandae culpa quia repellat.');
INSERT INTO SOINS VALUES(228,'2016-10-06',1,28,'Sed est dignissimos sunt et commodi sunt vitae.','Sed laudantium sit assumenda nostrum harum.');
INSERT INTO SOINS VALUES(229,'2020-09-06',1,29,'Voluptatum ab ut consectetur.','Facilis ea eligendi et reprehenderit.');
INSERT INTO SOINS VALUES(230,'2019-12-22',8,30,'Assez vieux, nécessite une attention particulière pour un développement des arômes optimal','1. Préparer un beurre blanc et le garder au chaud. 2. Préparer le poisson et le faire cuire à feu doux. 3. Faire cuire des patates. 4. Dégustez.');
INSERT INTO SOINS VALUES(231,'2024-11-26',3,4,'Pâte brisée','chirurgie de la pate');
CREATE TABLE FACTURES(
    numF INTEGER PRIMARY KEY AUTOINCREMENT,
    numS INTEGER NOT NULL,
    dateF DATE,
    montantF INTEGER,
    payeeF BOOLEAN NOT NULL,
    
    FOREIGN KEY (numS) REFERENCES SOINS(numS) ON DELETE CASCADE
);
INSERT INTO FACTURES VALUES(1,1,'2021-06-22',50,0);
INSERT INTO FACTURES VALUES(2,2,'2015-02-05',50,0);
INSERT INTO FACTURES VALUES(3,3,'2019-08-24',50,0);
INSERT INTO FACTURES VALUES(4,4,'2024-08-27',50,0);
INSERT INTO FACTURES VALUES(5,5,'2023-05-28',50,0);
INSERT INTO FACTURES VALUES(6,6,'2023-02-15',50,0);
INSERT INTO FACTURES VALUES(7,7,'2023-01-10',50,0);
INSERT INTO FACTURES VALUES(8,8,'2021-06-05',50,0);
INSERT INTO FACTURES VALUES(9,9,'2013-08-29',50,0);
INSERT INTO FACTURES VALUES(10,10,'2022-01-27',50,0);
INSERT INTO FACTURES VALUES(11,11,'2024-05-11',50,0);
INSERT INTO FACTURES VALUES(12,12,'2022-11-10',50,0);
INSERT INTO FACTURES VALUES(13,13,'2024-06-05',50,0);
INSERT INTO FACTURES VALUES(14,14,'2022-03-21',50,0);
INSERT INTO FACTURES VALUES(15,15,'2024-08-04',50,0);
INSERT INTO FACTURES VALUES(16,16,'2018-06-21',50,0);
INSERT INTO FACTURES VALUES(17,17,'2024-01-06',50,0);
INSERT INTO FACTURES VALUES(18,19,'2022-11-13',50,0);
INSERT INTO FACTURES VALUES(19,20,'2021-08-09',50,0);
INSERT INTO FACTURES VALUES(20,21,'2019-01-16',50,0);
INSERT INTO FACTURES VALUES(21,22,'2022-10-04',50,0);
INSERT INTO FACTURES VALUES(22,23,'2023-09-05',50,0);
INSERT INTO FACTURES VALUES(23,24,'2021-01-12',50,0);
INSERT INTO FACTURES VALUES(24,25,'2019-04-08',50,0);
INSERT INTO FACTURES VALUES(25,27,'2021-04-25',50,0);
INSERT INTO FACTURES VALUES(26,28,'2019-04-29',50,0);
INSERT INTO FACTURES VALUES(27,31,'2024-03-20',50,0);
INSERT INTO FACTURES VALUES(28,32,'2014-05-01',50,0);
INSERT INTO FACTURES VALUES(29,33,'2020-06-26',50,0);
INSERT INTO FACTURES VALUES(30,34,'2021-08-29',50,0);
INSERT INTO FACTURES VALUES(31,35,'2013-12-24',50,0);
INSERT INTO FACTURES VALUES(32,36,'2013-12-15',50,0);
INSERT INTO FACTURES VALUES(33,37,'2017-02-23',50,0);
INSERT INTO FACTURES VALUES(34,38,'2024-08-05',50,0);
INSERT INTO FACTURES VALUES(35,39,'2013-10-24',50,0);
INSERT INTO FACTURES VALUES(36,40,'2013-01-12',50,0);
INSERT INTO FACTURES VALUES(37,41,'2022-05-03',50,0);
INSERT INTO FACTURES VALUES(38,42,'2021-12-18',50,0);
INSERT INTO FACTURES VALUES(39,43,'2022-05-22',50,0);
INSERT INTO FACTURES VALUES(40,44,'2015-10-12',50,0);
INSERT INTO FACTURES VALUES(41,45,'2023-08-31',50,0);
INSERT INTO FACTURES VALUES(42,46,'2021-12-20',50,0);
INSERT INTO FACTURES VALUES(43,47,'2014-11-28',50,0);
INSERT INTO FACTURES VALUES(44,48,'2017-07-22',50,0);
INSERT INTO FACTURES VALUES(45,49,'2021-12-14',50,0);
INSERT INTO FACTURES VALUES(46,51,'2018-07-05',50,0);
INSERT INTO FACTURES VALUES(47,52,'2019-05-09',50,0);
INSERT INTO FACTURES VALUES(48,53,'2014-11-12',50,0);
INSERT INTO FACTURES VALUES(49,54,'2024-10-19',50,0);
INSERT INTO FACTURES VALUES(50,55,'2022-06-26',50,0);
INSERT INTO FACTURES VALUES(51,56,'2022-03-06',50,0);
INSERT INTO FACTURES VALUES(52,57,'2019-01-24',50,0);
INSERT INTO FACTURES VALUES(53,58,'2018-05-20',50,0);
INSERT INTO FACTURES VALUES(54,59,'2021-07-02',50,0);
INSERT INTO FACTURES VALUES(55,60,'2013-09-12',50,0);
INSERT INTO FACTURES VALUES(56,61,'2016-10-08',50,0);
INSERT INTO FACTURES VALUES(57,62,'2022-11-06',50,0);
INSERT INTO FACTURES VALUES(58,64,'2021-02-18',50,0);
INSERT INTO FACTURES VALUES(59,65,'2023-03-03',50,0);
INSERT INTO FACTURES VALUES(60,66,'2018-12-26',50,0);
INSERT INTO FACTURES VALUES(61,67,'2022-04-18',50,0);
INSERT INTO FACTURES VALUES(62,68,'2022-12-22',50,0);
INSERT INTO FACTURES VALUES(63,69,'2021-01-29',50,0);
INSERT INTO FACTURES VALUES(64,70,'2024-04-05',50,0);
INSERT INTO FACTURES VALUES(65,71,'2015-07-24',50,0);
INSERT INTO FACTURES VALUES(66,72,'2024-08-29',50,0);
INSERT INTO FACTURES VALUES(67,73,'2017-12-14',50,0);
INSERT INTO FACTURES VALUES(68,74,'2020-03-31',50,0);
INSERT INTO FACTURES VALUES(69,75,'2020-04-24',50,0);
INSERT INTO FACTURES VALUES(70,78,'2019-08-17',50,0);
INSERT INTO FACTURES VALUES(71,79,'2018-09-16',50,0);
INSERT INTO FACTURES VALUES(72,80,'2024-08-01',50,0);
INSERT INTO FACTURES VALUES(73,81,'2018-03-28',50,0);
INSERT INTO FACTURES VALUES(74,82,'2020-09-26',50,0);
INSERT INTO FACTURES VALUES(75,83,'2020-07-17',50,0);
INSERT INTO FACTURES VALUES(76,84,'2022-11-02',50,0);
INSERT INTO FACTURES VALUES(77,85,'2019-03-05',50,0);
INSERT INTO FACTURES VALUES(78,86,'2023-04-25',50,0);
INSERT INTO FACTURES VALUES(79,88,'2018-02-12',50,0);
INSERT INTO FACTURES VALUES(80,89,'2014-04-26',50,0);
INSERT INTO FACTURES VALUES(81,90,'2018-06-24',50,0);
INSERT INTO FACTURES VALUES(82,91,'2021-09-16',50,0);
INSERT INTO FACTURES VALUES(83,92,'2022-04-13',50,0);
INSERT INTO FACTURES VALUES(84,93,'2023-08-09',50,0);
INSERT INTO FACTURES VALUES(85,94,'2023-01-21',50,0);
INSERT INTO FACTURES VALUES(86,95,'2024-03-22',50,0);
INSERT INTO FACTURES VALUES(87,96,'2018-10-08',50,0);
INSERT INTO FACTURES VALUES(88,97,'2015-08-07',50,0);
INSERT INTO FACTURES VALUES(89,98,'2017-10-10',50,0);
INSERT INTO FACTURES VALUES(90,99,'2018-08-04',50,0);
INSERT INTO FACTURES VALUES(91,100,'2020-05-29',50,0);
INSERT INTO FACTURES VALUES(92,101,'2023-07-21',50,0);
INSERT INTO FACTURES VALUES(93,102,'2018-11-04',50,0);
INSERT INTO FACTURES VALUES(94,103,'2016-11-20',50,0);
INSERT INTO FACTURES VALUES(95,104,'2022-10-22',50,0);
INSERT INTO FACTURES VALUES(96,105,'2022-01-30',50,0);
INSERT INTO FACTURES VALUES(97,106,'2023-10-27',50,0);
INSERT INTO FACTURES VALUES(98,107,'2023-12-22',50,0);
INSERT INTO FACTURES VALUES(99,108,'2019-05-12',50,0);
INSERT INTO FACTURES VALUES(100,109,'2020-09-15',50,0);
INSERT INTO FACTURES VALUES(101,111,'2019-02-03',50,0);
INSERT INTO FACTURES VALUES(102,112,'2021-06-18',50,0);
INSERT INTO FACTURES VALUES(103,113,'2018-05-20',50,0);
INSERT INTO FACTURES VALUES(104,114,'2021-01-21',50,0);
INSERT INTO FACTURES VALUES(105,115,'2020-06-13',50,0);
INSERT INTO FACTURES VALUES(106,116,'2021-04-05',50,0);
INSERT INTO FACTURES VALUES(107,117,'2020-10-14',50,0);
INSERT INTO FACTURES VALUES(108,118,'2024-01-23',50,0);
INSERT INTO FACTURES VALUES(109,119,'2021-10-07',50,0);
INSERT INTO FACTURES VALUES(110,120,'2021-12-13',50,0);
INSERT INTO FACTURES VALUES(111,121,'2023-09-16',50,0);
INSERT INTO FACTURES VALUES(112,122,'2016-10-11',50,0);
INSERT INTO FACTURES VALUES(113,123,'2013-09-26',50,0);
INSERT INTO FACTURES VALUES(114,124,'2024-10-19',50,0);
INSERT INTO FACTURES VALUES(115,126,'2013-04-14',50,0);
INSERT INTO FACTURES VALUES(116,127,'2017-09-21',50,0);
INSERT INTO FACTURES VALUES(117,128,'2015-06-30',50,0);
INSERT INTO FACTURES VALUES(118,129,'2015-12-17',50,0);
INSERT INTO FACTURES VALUES(119,130,'2017-01-12',50,0);
INSERT INTO FACTURES VALUES(120,131,'2017-07-06',50,0);
INSERT INTO FACTURES VALUES(121,132,'2022-12-04',50,0);
INSERT INTO FACTURES VALUES(122,133,'2023-06-19',50,0);
INSERT INTO FACTURES VALUES(123,135,'2024-03-22',50,0);
INSERT INTO FACTURES VALUES(124,136,'2023-11-14',50,0);
INSERT INTO FACTURES VALUES(125,137,'2021-03-16',50,0);
INSERT INTO FACTURES VALUES(126,138,'2012-09-17',50,0);
INSERT INTO FACTURES VALUES(127,139,'2024-09-13',50,0);
INSERT INTO FACTURES VALUES(128,140,'2024-04-29',50,0);
INSERT INTO FACTURES VALUES(129,141,'2024-03-20',50,0);
INSERT INTO FACTURES VALUES(130,142,'2022-12-24',50,0);
INSERT INTO FACTURES VALUES(131,143,'2019-08-03',50,0);
INSERT INTO FACTURES VALUES(132,144,'2024-06-26',50,0);
INSERT INTO FACTURES VALUES(133,146,'2019-08-28',50,0);
INSERT INTO FACTURES VALUES(134,147,'2022-04-03',50,0);
INSERT INTO FACTURES VALUES(135,148,'2020-01-13',50,0);
INSERT INTO FACTURES VALUES(136,149,'2024-06-13',50,0);
INSERT INTO FACTURES VALUES(137,150,'2022-11-07',50,0);
INSERT INTO FACTURES VALUES(138,151,'2022-11-09',50,0);
INSERT INTO FACTURES VALUES(139,152,'2023-09-30',50,0);
INSERT INTO FACTURES VALUES(140,153,'2023-12-30',50,0);
INSERT INTO FACTURES VALUES(141,154,'2024-04-20',50,0);
INSERT INTO FACTURES VALUES(142,155,'2024-06-25',50,0);
INSERT INTO FACTURES VALUES(143,156,'2022-09-26',50,0);
INSERT INTO FACTURES VALUES(144,157,'2015-06-14',50,0);
INSERT INTO FACTURES VALUES(145,158,'2022-12-18',50,0);
INSERT INTO FACTURES VALUES(146,160,'2020-12-12',50,0);
INSERT INTO FACTURES VALUES(147,161,'2019-11-09',50,0);
INSERT INTO FACTURES VALUES(148,162,'2020-12-31',50,0);
INSERT INTO FACTURES VALUES(149,163,'2020-04-01',50,0);
INSERT INTO FACTURES VALUES(150,164,'2023-11-01',50,0);
INSERT INTO FACTURES VALUES(151,165,'2023-08-24',50,0);
INSERT INTO FACTURES VALUES(152,166,'2023-09-07',50,0);
INSERT INTO FACTURES VALUES(153,167,'2018-04-23',50,0);
INSERT INTO FACTURES VALUES(154,168,'2015-08-12',50,0);
INSERT INTO FACTURES VALUES(155,170,'2017-02-10',50,0);
INSERT INTO FACTURES VALUES(156,171,'2017-03-01',50,0);
INSERT INTO FACTURES VALUES(157,172,'2023-12-31',50,0);
INSERT INTO FACTURES VALUES(158,173,'2024-03-29',50,0);
INSERT INTO FACTURES VALUES(159,174,'2024-01-16',50,0);
INSERT INTO FACTURES VALUES(160,175,'2012-11-22',50,0);
INSERT INTO FACTURES VALUES(161,177,'2020-09-03',50,0);
INSERT INTO FACTURES VALUES(162,178,'2019-01-13',50,0);
INSERT INTO FACTURES VALUES(163,179,'2015-03-28',50,0);
INSERT INTO FACTURES VALUES(164,180,'2022-01-01',50,0);
INSERT INTO FACTURES VALUES(165,181,'2017-12-09',50,0);
INSERT INTO FACTURES VALUES(166,182,'2022-04-06',50,0);
INSERT INTO FACTURES VALUES(167,183,'2015-07-12',50,0);
INSERT INTO FACTURES VALUES(168,184,'2018-10-23',50,0);
INSERT INTO FACTURES VALUES(169,185,'2023-03-31',50,0);
INSERT INTO FACTURES VALUES(170,187,'2023-11-24',50,0);
INSERT INTO FACTURES VALUES(171,188,'2024-04-23',50,0);
INSERT INTO FACTURES VALUES(172,189,'2021-10-17',50,0);
INSERT INTO FACTURES VALUES(173,190,'2020-02-01',50,0);
INSERT INTO FACTURES VALUES(174,191,'2015-12-08',50,0);
INSERT INTO FACTURES VALUES(175,193,'2021-12-18',50,0);
INSERT INTO FACTURES VALUES(176,194,'2021-01-06',50,0);
INSERT INTO FACTURES VALUES(177,195,'2021-11-26',50,0);
INSERT INTO FACTURES VALUES(178,196,'2021-06-11',50,0);
INSERT INTO FACTURES VALUES(179,197,'2024-05-06',50,0);
INSERT INTO FACTURES VALUES(180,198,'2023-05-12',50,0);
INSERT INTO FACTURES VALUES(181,199,'2022-12-26',50,0);
INSERT INTO FACTURES VALUES(182,200,'2024-08-21',50,0);
INSERT INTO FACTURES VALUES(183,204,'2022-01-05',50,0);
INSERT INTO FACTURES VALUES(184,205,'2018-11-21',50,0);
INSERT INTO FACTURES VALUES(185,206,'2014-10-22',50,0);
INSERT INTO FACTURES VALUES(186,207,'2017-12-13',50,0);
INSERT INTO FACTURES VALUES(187,208,'2017-08-16',50,0);
INSERT INTO FACTURES VALUES(188,209,'2023-06-26',50,0);
INSERT INTO FACTURES VALUES(189,210,'2023-10-27',50,0);
INSERT INTO FACTURES VALUES(190,211,'2020-11-17',50,0);
INSERT INTO FACTURES VALUES(191,212,'2021-12-22',50,0);
INSERT INTO FACTURES VALUES(192,213,'2022-08-17',50,0);
INSERT INTO FACTURES VALUES(193,214,'2021-06-07',50,0);
INSERT INTO FACTURES VALUES(194,215,'2022-02-02',50,0);
INSERT INTO FACTURES VALUES(195,216,'2020-03-23',50,0);
INSERT INTO FACTURES VALUES(196,217,'2013-04-04',50,0);
INSERT INTO FACTURES VALUES(197,218,'2023-04-28',50,0);
INSERT INTO FACTURES VALUES(198,219,'2016-04-20',50,0);
INSERT INTO FACTURES VALUES(199,220,'2015-12-12',50,0);
INSERT INTO FACTURES VALUES(200,221,'2023-09-29',50,0);
INSERT INTO FACTURES VALUES(201,222,'2018-01-13',50,0);
INSERT INTO FACTURES VALUES(202,223,'2022-03-27',50,0);
INSERT INTO FACTURES VALUES(203,224,'2019-05-25',50,0);
INSERT INTO FACTURES VALUES(204,225,'2017-03-07',50,0);
INSERT INTO FACTURES VALUES(205,226,'2023-04-18',50,0);
INSERT INTO FACTURES VALUES(206,227,'2019-07-05',50,0);
INSERT INTO FACTURES VALUES(207,228,'2016-10-06',50,0);
INSERT INTO FACTURES VALUES(208,229,'2020-09-06',50,0);
INSERT INTO FACTURES VALUES(209,230,'2019-12-22',50,0);
INSERT INTO FACTURES VALUES(210,231,'2024-11-26',1000,0);
DELETE FROM sqlite_sequence;
INSERT INTO sqlite_sequence VALUES('VETERINAIRES',8);
INSERT INTO sqlite_sequence VALUES('CLIENTS',21);
INSERT INTO sqlite_sequence VALUES('ANIMAUX',30);
INSERT INTO sqlite_sequence VALUES('SOINS',231);
INSERT INTO sqlite_sequence VALUES('FACTURES',210);
CREATE VIEW animaux_veto1 AS
SELECT A.*
FROM ANIMAUX A, SOINS S, VETERINAIRES V
WHERE
S.animalS = A.numA AND S.veterinaireS = V.numV AND V.numV = 1;
CREATE TRIGGER chirurgie AFTER INSERT ON FACTURES FOR EACH ROW BEGIN UPDATE FACTURES
SET montantF = 1000
WHERE numS IN (SELECT numS FROM SOINS WHERE traitementS LIKE "%chirurgie%")
; END;
COMMIT;
